"id","stratum","stratum_N","weight"
"W3011986621","french",233170,310.893333333333
"W7102388675","french",233170,310.893333333333
"W4210904555","french",233170,310.893333333333
"W7002339388","french",233170,310.893333333333
"W4283695819","french",233170,310.893333333333
"W2735124183","french",233170,310.893333333333
"W7014410367","french",233170,310.893333333333
"W6917885298","french",233170,310.893333333333
"W7001714069","french",233170,310.893333333333
"W4233409557","french",233170,310.893333333333
"W6994393587","french",233170,310.893333333333
"W2789523826","french",233170,310.893333333333
"W7067222742","french",233170,310.893333333333
"W2073708271","french",233170,310.893333333333
"W2887821866","french",233170,310.893333333333
"W4404808355","french",233170,310.893333333333
"W2592716210","french",233170,310.893333333333
"W2286729510","french",233170,310.893333333333
"W2987647317","french",233170,310.893333333333
"W4393019883","french",233170,310.893333333333
"W7061669075","french",233170,310.893333333333
"W839428233","french",233170,310.893333333333
"W2805124521","french",233170,310.893333333333
"W2260874471","french",233170,310.893333333333
"W6983113913","french",233170,310.893333333333
"W3198602049","french",233170,310.893333333333
"W1885738412","french",233170,310.893333333333
"W6950023519","french",233170,310.893333333333
"W7048980106","french",233170,310.893333333333
"W3023922148","french",233170,310.893333333333
"W6981257180","french",233170,310.893333333333
"W6992031429","french",233170,310.893333333333
"W4392477727","french",233170,310.893333333333
"W4221153427","french",233170,310.893333333333
"W1527029308","french",233170,310.893333333333
"W4230942689","french",233170,310.893333333333
"W7015576738","french",233170,310.893333333333
"W1590647622","french",233170,310.893333333333
"W6961101213","french",233170,310.893333333333
"W7039353570","french",233170,310.893333333333
"W4383736890","french",233170,310.893333333333
"W2068364214","french",233170,310.893333333333
"W3171562582","french",233170,310.893333333333
"W2981557899","french",233170,310.893333333333
"W2603797998","french",233170,310.893333333333
"W2291503063","french",233170,310.893333333333
"W6992126669","french",233170,310.893333333333
"W4206553602","french",233170,310.893333333333
"W2052442086","french",233170,310.893333333333
"W2801185740","french",233170,310.893333333333
"W1972264320","french",233170,310.893333333333
"W4391748595","french",233170,310.893333333333
"W2236706367","french",233170,310.893333333333
"W2091085418","french",233170,310.893333333333
"W3181702126","french",233170,310.893333333333
"W7000574329","french",233170,310.893333333333
"W4385567557","french",233170,310.893333333333
"W4292906583","french",233170,310.893333333333
"W4393870974","french",233170,310.893333333333
"W4399188219","french",233170,310.893333333333
"W2945124746","french",233170,310.893333333333
"W2775014008","french",233170,310.893333333333
"W2595455953","french",233170,310.893333333333
"W6992434041","french",233170,310.893333333333
"W568003221","french",233170,310.893333333333
"W2570910963","french",233170,310.893333333333
"W2616949327","french",233170,310.893333333333
"W4231889950","french",233170,310.893333333333
"W2922016123","french",233170,310.893333333333
"W2070748491","french",233170,310.893333333333
"W2995267627","french",233170,310.893333333333
"W4237668310","french",233170,310.893333333333
"W7000753315","french",233170,310.893333333333
"W2938258758","french",233170,310.893333333333
"W2022665067","french",233170,310.893333333333
"W2329707761","french",233170,310.893333333333
"W2064517429","french",233170,310.893333333333
"W568214204","french",233170,310.893333333333
"W2035236894","french",233170,310.893333333333
"W3087347370","french",233170,310.893333333333
"W7162165093","french",233170,310.893333333333
"W1721678341","french",233170,310.893333333333
"W2065620303","french",233170,310.893333333333
"W4314446218","french",233170,310.893333333333
"W7051991590","french",233170,310.893333333333
"W7019086784","french",233170,310.893333333333
"W7039175297","french",233170,310.893333333333
"W2112448928","french",233170,310.893333333333
"W3198904824","french",233170,310.893333333333
"W7033674715","french",233170,310.893333333333
"W2899420979","french",233170,310.893333333333
"W2031848193","french",233170,310.893333333333
"W1571091816","french",233170,310.893333333333
"W3164637536","french",233170,310.893333333333
"W2263420188","french",233170,310.893333333333
"W7124819050","french",233170,310.893333333333
"W7036491689","french",233170,310.893333333333
"W4391427909","french",233170,310.893333333333
"W4384957339","french",233170,310.893333333333
"W3161458123","french",233170,310.893333333333
"W6990996472","french",233170,310.893333333333
"W1538665933","french",233170,310.893333333333
"W6930436200","french",233170,310.893333333333
"W4299558177","french",233170,310.893333333333
"W6922172840","french",233170,310.893333333333
"W2136582537","french",233170,310.893333333333
"W34938879","french",233170,310.893333333333
"W4231824596","french",233170,310.893333333333
"W2932228513","french",233170,310.893333333333
"W4400530322","french",233170,310.893333333333
"W4408826471","french",233170,310.893333333333
"W2965645529","french",233170,310.893333333333
"W3186880727","french",233170,310.893333333333
"W2943287168","french",233170,310.893333333333
"W7020525334","french",233170,310.893333333333
"W4313175724","french",233170,310.893333333333
"W7017875606","french",233170,310.893333333333
"W7019017673","french",233170,310.893333333333
"W7049401217","french",233170,310.893333333333
"W2908594995","french",233170,310.893333333333
"W3211935527","french",233170,310.893333333333
"W7125374003","french",233170,310.893333333333
"W1489521614","french",233170,310.893333333333
"W2041165583","french",233170,310.893333333333
"W2795334916","french",233170,310.893333333333
"W2789167949","french",233170,310.893333333333
"W4255048748","french",233170,310.893333333333
"W6967427296","french",233170,310.893333333333
"W2337651531","french",233170,310.893333333333
"W7133411978","french",233170,310.893333333333
"W7066969584","french",233170,310.893333333333
"W4384213045","french",233170,310.893333333333
"W4232388698","french",233170,310.893333333333
"W2915518988","french",233170,310.893333333333
"W4404034332","french",233170,310.893333333333
"W4398204110","french",233170,310.893333333333
"W7165078619","french",233170,310.893333333333
"W7002282105","french",233170,310.893333333333
"W4390786712","french",233170,310.893333333333
"W2005297823","french",233170,310.893333333333
"W7104295034","french",233170,310.893333333333
"W2128164678","french",233170,310.893333333333
"W6945111878","french",233170,310.893333333333
"W3172714003","french",233170,310.893333333333
"W7057819277","french",233170,310.893333333333
"W2147696711","french",233170,310.893333333333
"W2950298299","french",233170,310.893333333333
"W7065339308","french",233170,310.893333333333
"W4401469438","french",233170,310.893333333333
"W2975509941","french",233170,310.893333333333
"W2807828706","french",233170,310.893333333333
"W2341023267","french",233170,310.893333333333
"W2096664671","french",233170,310.893333333333
"W4415871648","french",233170,310.893333333333
"W6993264056","french",233170,310.893333333333
"W4317762425","french",233170,310.893333333333
"W4393929599","french",233170,310.893333333333
"W2119039154","french",233170,310.893333333333
"W7134341585","french",233170,310.893333333333
"W2785216221","french",233170,310.893333333333
"W7065187948","french",233170,310.893333333333
"W2948135780","french",233170,310.893333333333
"W6982367364","french",233170,310.893333333333
"W2178033489","french",233170,310.893333333333
"W2756945311","french",233170,310.893333333333
"W2800589176","french",233170,310.893333333333
"W2769793754","french",233170,310.893333333333
"W3113156813","french",233170,310.893333333333
"W2618817421","french",233170,310.893333333333
"W6955013338","french",233170,310.893333333333
"W1834165176","french",233170,310.893333333333
"W348342421","french",233170,310.893333333333
"W134528663","french",233170,310.893333333333
"W6981510632","french",233170,310.893333333333
"W1611645936","french",233170,310.893333333333
"W2011342169","french",233170,310.893333333333
"W7039196877","french",233170,310.893333333333
"W3003181780","french",233170,310.893333333333
"W1966427392","french",233170,310.893333333333
"W4391154213","french",233170,310.893333333333
"W4205174581","french",233170,310.893333333333
"W2267548044","french",233170,310.893333333333
"W7011299548","french",233170,310.893333333333
"W2144940020","french",233170,310.893333333333
"W3135964898","french",233170,310.893333333333
"W7067071139","french",233170,310.893333333333
"W2537889207","french",233170,310.893333333333
"W4247875684","french",233170,310.893333333333
"W3000887652","french",233170,310.893333333333
"W1481146015","french",233170,310.893333333333
"W7011185721","french",233170,310.893333333333
"W2488796856","french",233170,310.893333333333
"W7001840469","french",233170,310.893333333333
"W4375859679","french",233170,310.893333333333
"W2607119422","french",233170,310.893333333333
"W6967760685","french",233170,310.893333333333
"W3137520843","french",233170,310.893333333333
"W4401988693","french",233170,310.893333333333
"W2107046370","french",233170,310.893333333333
"W2256262284","french",233170,310.893333333333
"W7027723959","french",233170,310.893333333333
"W4399015951","french",233170,310.893333333333
"W187779645","french",233170,310.893333333333
"W1516189379","french",233170,310.893333333333
"W2900491918","french",233170,310.893333333333
"W7104280428","french",233170,310.893333333333
"W2951750187","french",233170,310.893333333333
"W6964006634","french",233170,310.893333333333
"W2605393004","french",233170,310.893333333333
"W4396538521","french",233170,310.893333333333
"W2524681180","french",233170,310.893333333333
"W1877704774","french",233170,310.893333333333
"W4387251852","french",233170,310.893333333333
"W4398819832","french",233170,310.893333333333
"W4408153292","french",233170,310.893333333333
"W6980403824","french",233170,310.893333333333
"W7071738419","french",233170,310.893333333333
"W2315301112","french",233170,310.893333333333
"W3083603722","french",233170,310.893333333333
"W2902548926","french",233170,310.893333333333
"W2609553434","french",233170,310.893333333333
"W6926258462","french",233170,310.893333333333
"W4317541938","french",233170,310.893333333333
"W7011111406","french",233170,310.893333333333
"W4401472912","french",233170,310.893333333333
"W3042443716","french",233170,310.893333333333
"W7067029287","french",233170,310.893333333333
"W1591597408","french",233170,310.893333333333
"W4321513739","french",233170,310.893333333333
"W2531839470","french",233170,310.893333333333
"W3022887388","french",233170,310.893333333333
"W2270406509","french",233170,310.893333333333
"W2786009740","french",233170,310.893333333333
"W4366574329","french",233170,310.893333333333
"W7074154370","french",233170,310.893333333333
"W2139430851","french",233170,310.893333333333
"W1592945727","french",233170,310.893333333333
"W2147480365","french",233170,310.893333333333
"W2743192672","french",233170,310.893333333333
"W7038955102","french",233170,310.893333333333
"W3196661344","french",233170,310.893333333333
"W6930620148","french",233170,310.893333333333
"W2919164265","french",233170,310.893333333333
"W3162503818","french",233170,310.893333333333
"W4298381368","french",233170,310.893333333333
"W4388205957","french",233170,310.893333333333
"W4292338582","french",233170,310.893333333333
"W4383426680","french",233170,310.893333333333
"W2892255479","french",233170,310.893333333333
"W4246382618","french",233170,310.893333333333
"W3002888167","french",233170,310.893333333333
"W1033959789","french",233170,310.893333333333
"W2903082334","french",233170,310.893333333333
"W2911499865","french",233170,310.893333333333
"W2917906870","french",233170,310.893333333333
"W2922225905","french",233170,310.893333333333
"W2687279230","french",233170,310.893333333333
"W4390940862","french",233170,310.893333333333
"W2146661938","french",233170,310.893333333333
"W182797627","french",233170,310.893333333333
"W4294048700","french",233170,310.893333333333
"W4313050117","french",233170,310.893333333333
"W4388439702","french",233170,310.893333333333
"W7064943674","french",233170,310.893333333333
"W7161303776","french",233170,310.893333333333
"W6981673196","french",233170,310.893333333333
"W1534716371","french",233170,310.893333333333
"W2914190094","french",233170,310.893333333333
"W1950533808","french",233170,310.893333333333
"W6980087347","french",233170,310.893333333333
"W7024527677","french",233170,310.893333333333
"W2524582649","french",233170,310.893333333333
"W6995981062","french",233170,310.893333333333
"W2223313309","french",233170,310.893333333333
"W2995323822","french",233170,310.893333333333
"W4417407361","french",233170,310.893333333333
"W4389692342","french",233170,310.893333333333
"W7128763074","french",233170,310.893333333333
"W2016453859","french",233170,310.893333333333
"W2244143387","french",233170,310.893333333333
"W6966600277","french",233170,310.893333333333
"W3025401023","french",233170,310.893333333333
"W2408889790","french",233170,310.893333333333
"W2553447544","french",233170,310.893333333333
"W4239414470","french",233170,310.893333333333
"W2151420267","french",233170,310.893333333333
"W7010446827","french",233170,310.893333333333
"W4395459903","french",233170,310.893333333333
"W2025368948","french",233170,310.893333333333
"W2336927194","french",233170,310.893333333333
"W1938027545","french",233170,310.893333333333
"W7028262356","french",233170,310.893333333333
"W4235437936","french",233170,310.893333333333
"W4381328111","french",233170,310.893333333333
"W6907844297","french",233170,310.893333333333
"W1600346892","french",233170,310.893333333333
"W6947812730","french",233170,310.893333333333
"W4231735146","french",233170,310.893333333333
"W2768191565","french",233170,310.893333333333
"W6998563584","french",233170,310.893333333333
"W1552310924","french",233170,310.893333333333
"W2784443401","french",233170,310.893333333333
"W4404574540","french",233170,310.893333333333
"W1965304540","french",233170,310.893333333333
"W2030448795","french",233170,310.893333333333
"W600868183","french",233170,310.893333333333
"W6936668818","french",233170,310.893333333333
"W7045987939","french",233170,310.893333333333
"W2559888444","french",233170,310.893333333333
"W2735774412","french",233170,310.893333333333
"W6992351604","french",233170,310.893333333333
"W7053225933","french",233170,310.893333333333
"W4399874010","french",233170,310.893333333333
"W2617284200","french",233170,310.893333333333
"W4206668330","french",233170,310.893333333333
"W7130573387","french",233170,310.893333333333
"W2168094635","french",233170,310.893333333333
"W7020452580","french",233170,310.893333333333
"W3127136543","french",233170,310.893333333333
"W7010091696","french",233170,310.893333333333
"W1629642456","french",233170,310.893333333333
"W6999370483","french",233170,310.893333333333
"W2615926374","french",233170,310.893333333333
"W3015120723","french",233170,310.893333333333
"W7029700042","french",233170,310.893333333333
"W2715652697","french",233170,310.893333333333
"W3134106785","french",233170,310.893333333333
"W1785986601","french",233170,310.893333333333
"W1995445944","french",233170,310.893333333333
"W2964381428","french",233170,310.893333333333
"W7057617765","french",233170,310.893333333333
"W221818283","french",233170,310.893333333333
"W3170588239","french",233170,310.893333333333
"W6992249872","french",233170,310.893333333333
"W2124102387","french",233170,310.893333333333
"W3197454173","french",233170,310.893333333333
"W4412070438","french",233170,310.893333333333
"W2944870478","french",233170,310.893333333333
"W3175898174","french",233170,310.893333333333
"W2606909087","french",233170,310.893333333333
"W3128229421","french",233170,310.893333333333
"W7064642785","french",233170,310.893333333333
"W4221103062","french",233170,310.893333333333
"W2195207056","french",233170,310.893333333333
"W2602330300","french",233170,310.893333333333
"W6885044580","french",233170,310.893333333333
"W2617459620","french",233170,310.893333333333
"W4394805952","french",233170,310.893333333333
"W4414000667","french",233170,310.893333333333
"W2977334617","french",233170,310.893333333333
"W4399820355","french",233170,310.893333333333
"W2916745715","french",233170,310.893333333333
"W7115360382","french",233170,310.893333333333
"W6948788425","french",233170,310.893333333333
"W4234802015","french",233170,310.893333333333
"W3036287039","french",233170,310.893333333333
"W6936466777","french",233170,310.893333333333
"W7020588864","french",233170,310.893333333333
"W172397282","french",233170,310.893333333333
"W3160465770","french",233170,310.893333333333
"W1587083644","french",233170,310.893333333333
"W2799523781","french",233170,310.893333333333
"W65294796","french",233170,310.893333333333
"W4387337217","french",233170,310.893333333333
"W2414047296","french",233170,310.893333333333
"W4386552951","french",233170,310.893333333333
"W2159274996","french",233170,310.893333333333
"W1990979946","french",233170,310.893333333333
"W6981722997","french",233170,310.893333333333
"W2133696617","french",233170,310.893333333333
"W2931718085","french",233170,310.893333333333
"W2332788132","french",233170,310.893333333333
"W2008402763","french",233170,310.893333333333
"W7038791195","french",233170,310.893333333333
"W6893694090","french",233170,310.893333333333
"W1571372977","french",233170,310.893333333333
"W7001747557","french",233170,310.893333333333
"W4394727479","french",233170,310.893333333333
"W7039295984","french",233170,310.893333333333
"W6937002408","french",233170,310.893333333333
"W2775130561","french",233170,310.893333333333
"W7111796719","french",233170,310.893333333333
"W848746237","french",233170,310.893333333333
"W338455161","french",233170,310.893333333333
"W1989462536","french",233170,310.893333333333
"W3097854130","french",233170,310.893333333333
"W4403192661","french",233170,310.893333333333
"W2142856396","french",233170,310.893333333333
"W3108110720","french",233170,310.893333333333
"W4398986935","french",233170,310.893333333333
"W6983079330","french",233170,310.893333333333
"W2577006385","french",233170,310.893333333333
"W2746170647","french",233170,310.893333333333
"W2904023198","french",233170,310.893333333333
"W4236012250","french",233170,310.893333333333
"W1984312557","french",233170,310.893333333333
"W135890135","french",233170,310.893333333333
"W4387533276","french",233170,310.893333333333
"W2992179804","french",233170,310.893333333333
"W7037535657","french",233170,310.893333333333
"W2036171795","french",233170,310.893333333333
"W3107481008","french",233170,310.893333333333
"W3036854558","french",233170,310.893333333333
"W3041822183","french",233170,310.893333333333
"W2919341588","french",233170,310.893333333333
"W60876692","french",233170,310.893333333333
"W1172686018","french",233170,310.893333333333
"W1460285905","french",233170,310.893333333333
"W4394888837","french",233170,310.893333333333
"W7124872355","french",233170,310.893333333333
"W4414347632","french",233170,310.893333333333
"W2084527574","french",233170,310.893333333333
"W2041076505","french",233170,310.893333333333
"W3161302681","french",233170,310.893333333333
"W3094809803","french",233170,310.893333333333
"W4396513432","french",233170,310.893333333333
"W2192017507","french",233170,310.893333333333
"W6893759378","french",233170,310.893333333333
"W4310454375","french",233170,310.893333333333
"W3015667729","french",233170,310.893333333333
"W6950591250","french",233170,310.893333333333
"W2531242735","french",233170,310.893333333333
"W7000176513","french",233170,310.893333333333
"W2758607421","french",233170,310.893333333333
"W4299976395","french",233170,310.893333333333
"W2810743917","french",233170,310.893333333333
"W6922049495","french",233170,310.893333333333
"W3092560629","french",233170,310.893333333333
"W2167500684","french",233170,310.893333333333
"W2116219848","french",233170,310.893333333333
"W2945464982","french",233170,310.893333333333
"W7048423118","french",233170,310.893333333333
"W75455361","french",233170,310.893333333333
"W7164319045","french",233170,310.893333333333
"W3212444597","french",233170,310.893333333333
"W4399069799","french",233170,310.893333333333
"W6930315955","french",233170,310.893333333333
"W4251774391","french",233170,310.893333333333
"W2537972748","french",233170,310.893333333333
"W3164195100","french",233170,310.893333333333
"W7025369236","french",233170,310.893333333333
"W1991119996","french",233170,310.893333333333
"W4384613149","french",233170,310.893333333333
"W1870692482","french",233170,310.893333333333
"W4377251286","french",233170,310.893333333333
"W4407161265","french",233170,310.893333333333
"W1567771433","french",233170,310.893333333333
"W6992802819","french",233170,310.893333333333
"W4400129119","french",233170,310.893333333333
"W1554957041","french",233170,310.893333333333
"W2897551690","french",233170,310.893333333333
"W4406121314","french",233170,310.893333333333
"W1518176930","french",233170,310.893333333333
"W7037047492","french",233170,310.893333333333
"W7070268932","french",233170,310.893333333333
"W2752106324","french",233170,310.893333333333
"W4400295496","french",233170,310.893333333333
"W7029961680","french",233170,310.893333333333
"W2795902123","french",233170,310.893333333333
"W3032194506","french",233170,310.893333333333
"W1452061937","french",233170,310.893333333333
"W2286859410","french",233170,310.893333333333
"W4240374362","french",233170,310.893333333333
"W4250824742","french",233170,310.893333333333
"W4405600584","french",233170,310.893333333333
"W7059310529","french",233170,310.893333333333
"W354993360","french",233170,310.893333333333
"W115029218","french",233170,310.893333333333
"W6986782766","french",233170,310.893333333333
"W2114512311","french",233170,310.893333333333
"W7065690011","french",233170,310.893333333333
"W4388288982","french",233170,310.893333333333
"W2266273911","french",233170,310.893333333333
"W3212269695","french",233170,310.893333333333
"W7103910646","french",233170,310.893333333333
"W2762077041","french",233170,310.893333333333
"W3131147707","french",233170,310.893333333333
"W6980592165","french",233170,310.893333333333
"W2237850395","french",233170,310.893333333333
"W2565848580","french",233170,310.893333333333
"W4214583997","french",233170,310.893333333333
"W7104838653","french",233170,310.893333333333
"W2763307789","french",233170,310.893333333333
"W1579724704","french",233170,310.893333333333
"W2774631263","french",233170,310.893333333333
"W2075985483","french",233170,310.893333333333
"W2077230184","french",233170,310.893333333333
"W1562128847","french",233170,310.893333333333
"W1576128929","french",233170,310.893333333333
"W2785134601","french",233170,310.893333333333
"W151534785","french",233170,310.893333333333
"W3123725742","french",233170,310.893333333333
"W1531144480","french",233170,310.893333333333
"W4409284203","french",233170,310.893333333333
"W2517828136","french",233170,310.893333333333
"W3208010024","french",233170,310.893333333333
"W1964604709","french",233170,310.893333333333
"W2159553972","french",233170,310.893333333333
"W1964410206","french",233170,310.893333333333
"W7048321219","french",233170,310.893333333333
"W2617196907","french",233170,310.893333333333
"W2607464351","french",233170,310.893333333333
"W6899188130","french",233170,310.893333333333
"W4364858723","french",233170,310.893333333333
"W4399114377","french",233170,310.893333333333
"W3211824408","french",233170,310.893333333333
"W4206793318","french",233170,310.893333333333
"W2077517332","french",233170,310.893333333333
"W2746265960","french",233170,310.893333333333
"W1595459187","french",233170,310.893333333333
"W2767580451","french",233170,310.893333333333
"W6992216141","french",233170,310.893333333333
"W4400021500","french",233170,310.893333333333
"W3135888487","french",233170,310.893333333333
"W2169703502","french",233170,310.893333333333
"W2070841229","french",233170,310.893333333333
"W7001845946","french",233170,310.893333333333
"W4386057563","french",233170,310.893333333333
"W1855650394","french",233170,310.893333333333
"W1546877256","french",233170,310.893333333333
"W2919926150","french",233170,310.893333333333
"W3217788353","french",233170,310.893333333333
"W6911813916","french",233170,310.893333333333
"W7053346309","french",233170,310.893333333333
"W4210788992","french",233170,310.893333333333
"W4379877471","french",233170,310.893333333333
"W1772251379","french",233170,310.893333333333
"W4386695555","french",233170,310.893333333333
"W2048038587","french",233170,310.893333333333
"W2800926350","french",233170,310.893333333333
"W4206426785","french",233170,310.893333333333
"W2600208786","french",233170,310.893333333333
"W6992365297","french",233170,310.893333333333
"W6948001283","french",233170,310.893333333333
"W4244649218","french",233170,310.893333333333
"W7020193836","french",233170,310.893333333333
"W4394888136","french",233170,310.893333333333
"W1988590005","french",233170,310.893333333333
"W54058487","french",233170,310.893333333333
"W2317854404","french",233170,310.893333333333
"W4300696358","french",233170,310.893333333333
"W4312280714","french",233170,310.893333333333
"W6923549395","french",233170,310.893333333333
"W2118010534","french",233170,310.893333333333
"W2937800559","french",233170,310.893333333333
"W7029540841","french",233170,310.893333333333
"W2011566155","french",233170,310.893333333333
"W4286644031","french",233170,310.893333333333
"W2998565383","french",233170,310.893333333333
"W1996643927","french",233170,310.893333333333
"W2583776053","french",233170,310.893333333333
"W1977866715","french",233170,310.893333333333
"W4206606353","french",233170,310.893333333333
"W600848355","french",233170,310.893333333333
"W4399312398","french",233170,310.893333333333
"W7029432412","french",233170,310.893333333333
"W2572701709","french",233170,310.893333333333
"W132120929","french",233170,310.893333333333
"W4402911779","french",233170,310.893333333333
"W2994924643","french",233170,310.893333333333
"W175340094","french",233170,310.893333333333
"W1568848413","french",233170,310.893333333333
"W2981929865","french",233170,310.893333333333
"W1972019175","french",233170,310.893333333333
"W369500825","french",233170,310.893333333333
"W4308657212","french",233170,310.893333333333
"W352718798","french",233170,310.893333333333
"W7057761789","french",233170,310.893333333333
"W7084749175","french",233170,310.893333333333
"W7164404712","french",233170,310.893333333333
"W3011757730","french",233170,310.893333333333
"W789409739","french",233170,310.893333333333
"W7001879087","french",233170,310.893333333333
"W3216044503","french",233170,310.893333333333
"W3209577744","french",233170,310.893333333333
"W2898450319","french",233170,310.893333333333
"W1639845978","french",233170,310.893333333333
"W7001581988","french",233170,310.893333333333
"W7006466875","french",233170,310.893333333333
"W7014460818","french",233170,310.893333333333
"W4389333000","french",233170,310.893333333333
"W2070370968","french",233170,310.893333333333
"W2080504392","french",233170,310.893333333333
"W2942669476","french",233170,310.893333333333
"W2518234291","french",233170,310.893333333333
"W2053518629","french",233170,310.893333333333
"W2919604989","french",233170,310.893333333333
"W6998646999","french",233170,310.893333333333
"W3135863372","french",233170,310.893333333333
"W4234691270","french",233170,310.893333333333
"W2968563496","french",233170,310.893333333333
"W2312734926","french",233170,310.893333333333
"W4317906834","french",233170,310.893333333333
"W2093553413","french",233170,310.893333333333
"W4413484345","french",233170,310.893333333333
"W7036075453","french",233170,310.893333333333
"W1765392320","french",233170,310.893333333333
"W7030197184","french",233170,310.893333333333
"W2480423795","french",233170,310.893333333333
"W4360616223","french",233170,310.893333333333
"W3013034108","french",233170,310.893333333333
"W1820601688","french",233170,310.893333333333
"W2592157035","french",233170,310.893333333333
"W7084172156","french",233170,310.893333333333
"W2125664012","french",233170,310.893333333333
"W4399833484","french",233170,310.893333333333
"W7026592367","french",233170,310.893333333333
"W4399822315","french",233170,310.893333333333
"W6992491376","french",233170,310.893333333333
"W2073305912","french",233170,310.893333333333
"W4388001887","french",233170,310.893333333333
"W7002012558","french",233170,310.893333333333
"W4243398431","french",233170,310.893333333333
"W2759908232","french",233170,310.893333333333
"W4386665372","french",233170,310.893333333333
"W1519869673","french",233170,310.893333333333
"W2150893216","french",233170,310.893333333333
"W7011367088","french",233170,310.893333333333
"W1830353797","french",233170,310.893333333333
"W4390337387","french",233170,310.893333333333
"W4393320403","french",233170,310.893333333333
"W4256749659","french",233170,310.893333333333
"W3111028250","french",233170,310.893333333333
"W6973878453","french",233170,310.893333333333
"W4393122600","french",233170,310.893333333333
"W1977597684","french",233170,310.893333333333
"W4366767280","french",233170,310.893333333333
"W2725689404","french",233170,310.893333333333
"W1534532225","french",233170,310.893333333333
"W4393025949","french",233170,310.893333333333
"W2980717987","french",233170,310.893333333333
"W4241079214","french",233170,310.893333333333
"W7030003606","french",233170,310.893333333333
"W4390822306","french",233170,310.893333333333
"W2588357115","french",233170,310.893333333333
"W6992433226","french",233170,310.893333333333
"W4285773427","french",233170,310.893333333333
"W4246674920","french",233170,310.893333333333
"W1527616640","french",233170,310.893333333333
"W6993244498","french",233170,310.893333333333
"W7125017956","french",233170,310.893333333333
"W4291820676","french",233170,310.893333333333
"W4391796755","french",233170,310.893333333333
"W4381547195","french",233170,310.893333333333
"W2412098336","french",233170,310.893333333333
"W7039361974","french",233170,310.893333333333
"W4323521523","french",233170,310.893333333333
"W2047803656","french",233170,310.893333333333
"W3160426438","french",233170,310.893333333333
"W7030444430","french",233170,310.893333333333
"W1965827101","french",233170,310.893333333333
"W1508876850","french",233170,310.893333333333
"W7029941278","french",233170,310.893333333333
"W7032999450","french",233170,310.893333333333
"W1480628156","french",233170,310.893333333333
"W2740766247","french",233170,310.893333333333
"W2158429854","french",233170,310.893333333333
"W2240174018","french",233170,310.893333333333
"W2172649187","french",233170,310.893333333333
"W12899291","french",233170,310.893333333333
"W382570549","french",233170,310.893333333333
"W953321851","french",233170,310.893333333333
"W4292253582","french",233170,310.893333333333
"W2782133747","french",233170,310.893333333333
"W7036839857","french",233170,310.893333333333
"W2300554136","french",233170,310.893333333333
"W4399875335","french",233170,310.893333333333
"W7069370103","french",233170,310.893333333333
"W2710132251","french",233170,310.893333333333
"W4285529525","french",233170,310.893333333333
"W1917592187","french",233170,310.893333333333
"W2042299869","french",233170,310.893333333333
"W2157521683","french",233170,310.893333333333
"W4324056277","french",233170,310.893333333333
"W115768755","french",233170,310.893333333333
"W2775180687","french",233170,310.893333333333
"W2078598345","french",233170,310.893333333333
"W6913016658","french",233170,310.893333333333
"W4252083758","french",233170,310.893333333333
"W4411912497","french",233170,310.893333333333
"W1504497057","french",233170,310.893333333333
"W2754260060","french",233170,310.893333333333
"W1948662515","french",233170,310.893333333333
"W3217745904","french",233170,310.893333333333
"W7014428941","french",233170,310.893333333333
"W4233101217","french",233170,310.893333333333
"W744375497","french",233170,310.893333333333
"W1976588349","french",233170,310.893333333333
"W2095883915","french",233170,310.893333333333
"W4375928662","french",233170,310.893333333333
"W2942243577","french",233170,310.893333333333
"W6963821114","french",233170,310.893333333333
"W2032912948","french",233170,310.893333333333
"W7048472019","french",233170,310.893333333333
"W2032261821","french",233170,310.893333333333
"W3111562385","french",233170,310.893333333333
"W2138760635","french",233170,310.893333333333
"W1500472808","french",233170,310.893333333333
"W2501382724","french",233170,310.893333333333
"W3162834726","french",233170,310.893333333333
"W4285718216","french",233170,310.893333333333
"W6950206008","french",233170,310.893333333333
"W4403013425","french",233170,310.893333333333
"W609961463","french",233170,310.893333333333
"W2515595583","french",233170,310.893333333333
"W2908062520","french",233170,310.893333333333
"W7071732555","french",233170,310.893333333333
"W7036037083","french",233170,310.893333333333
"W4413695483","french",233170,310.893333333333
"W2144009229","french",233170,310.893333333333
"W306352029","french",233170,310.893333333333
"W4407491047","french",233170,310.893333333333
"W2736832615","french",233170,310.893333333333
"W4308865754","french",233170,310.893333333333
"W4399191202","french",233170,310.893333333333
"W1486336166","french",233170,310.893333333333
"W4404807994","french",233170,310.893333333333
"W2233360577","french",233170,310.893333333333
"W2162960964","french",233170,310.893333333333
"W2265964962","french",233170,310.893333333333
"W7045266627","french",233170,310.893333333333
"W2626642302","french",233170,310.893333333333
"W7008701802","french",233170,310.893333333333
"W6910369314","french",233170,310.893333333333
"W7061546030","french",233170,310.893333333333
"W4407034356","french",233170,310.893333333333
"W7154918914","french",233170,310.893333333333
"W7071220145","french",233170,310.893333333333
"W3006437174","french",233170,310.893333333333
"W6981708907","french",233170,310.893333333333
"W2366849134","french",233170,310.893333333333
"W3091588303","french",233170,310.893333333333
"W3208455009","french",233170,310.893333333333
"W6911506531","french",233170,310.893333333333
"W2888166793","french",233170,310.893333333333
"W4405528010","french",233170,310.893333333333
"W4398818220","french",233170,310.893333333333
"W1562162460","french",233170,310.893333333333
"W7115313606","french",233170,310.893333333333
"W2030887995","french",233170,310.893333333333
"W2019704406","french",233170,310.893333333333
"W6983124395","french",233170,310.893333333333
"W4291585574","french",233170,310.893333333333
"W7061528971","french",233170,310.893333333333
"W2591101772","french",233170,310.893333333333
"W2281659047","french",233170,310.893333333333
"W4390642227","french",233170,310.893333333333
"W6995683092","french",233170,310.893333333333
"W88295287","french",233170,310.893333333333
"W2506444222","french",233170,310.893333333333
"W2297403879","about_only",664248,664.248
"W7019476240","about_only",664248,664.248
"W6920347671","about_only",664248,664.248
"W7028861741","about_only",664248,664.248
"W3090424151","about_only",664248,664.248
"W2005321349","about_only",664248,664.248
"W3129728399","about_only",664248,664.248
"W4412690934","about_only",664248,664.248
"W7070928025","about_only",664248,664.248
"W6945358003","about_only",664248,664.248
"W2901282154","about_only",664248,664.248
"W7017696674","about_only",664248,664.248
"W2379715839","about_only",664248,664.248
"W6939347158","about_only",664248,664.248
"W2024887450","about_only",664248,664.248
"W4385533227","about_only",664248,664.248
"W3123044589","about_only",664248,664.248
"W7063160055","about_only",664248,664.248
"W6990984486","about_only",664248,664.248
"W3021977188","about_only",664248,664.248
"W7043804714","about_only",664248,664.248
"W7034408790","about_only",664248,664.248
"W2770763547","about_only",664248,664.248
"W2914316152","about_only",664248,664.248
"W2255367555","about_only",664248,664.248
"W1998999540","about_only",664248,664.248
"W7059136165","about_only",664248,664.248
"W2396925636","about_only",664248,664.248
"W6920504417","about_only",664248,664.248
"W6887665753","about_only",664248,664.248
"W6958632018","about_only",664248,664.248
"W6957942839","about_only",664248,664.248
"W6976861917","about_only",664248,664.248
"W4366133600","about_only",664248,664.248
"W1498234375","about_only",664248,664.248
"W2068889977","about_only",664248,664.248
"W4298860546","about_only",664248,664.248
"W6945635967","about_only",664248,664.248
"W7005452958","about_only",664248,664.248
"W3041153839","about_only",664248,664.248
"W6977273537","about_only",664248,664.248
"W3200435231","about_only",664248,664.248
"W6904909588","about_only",664248,664.248
"W6911593241","about_only",664248,664.248
"W4312856797","about_only",664248,664.248
"W7044146255","about_only",664248,664.248
"W7105639952","about_only",664248,664.248
"W2966893097","about_only",664248,664.248
"W2296480475","about_only",664248,664.248
"W7056531197","about_only",664248,664.248
"W3144783246","about_only",664248,664.248
"W6942434699","about_only",664248,664.248
"W2335275161","about_only",664248,664.248
"W6904839051","about_only",664248,664.248
"W4322005968","about_only",664248,664.248
"W7139781101","about_only",664248,664.248
"W6892816121","about_only",664248,664.248
"W2750235480","about_only",664248,664.248
"W4390347900","about_only",664248,664.248
"W1767653448","about_only",664248,664.248
"W6893188977","about_only",664248,664.248
"W7052592021","about_only",664248,664.248
"W6962071221","about_only",664248,664.248
"W2983422188","about_only",664248,664.248
"W6968841344","about_only",664248,664.248
"W7133289881","about_only",664248,664.248
"W6927212753","about_only",664248,664.248
"W6907624691","about_only",664248,664.248
"W7049074306","about_only",664248,664.248
"W2282245115","about_only",664248,664.248
"W2150327637","about_only",664248,664.248
"W4238021658","about_only",664248,664.248
"W4229375595","about_only",664248,664.248
"W7037077574","about_only",664248,664.248
"W7026881840","about_only",664248,664.248
"W7071817443","about_only",664248,664.248
"W6990219786","about_only",664248,664.248
"W6963047569","about_only",664248,664.248
"W7010655025","about_only",664248,664.248
"W6923600366","about_only",664248,664.248
"W814194955","about_only",664248,664.248
"W7117737709","about_only",664248,664.248
"W6983303230","about_only",664248,664.248
"W7018722183","about_only",664248,664.248
"W6892829956","about_only",664248,664.248
"W2315057491","about_only",664248,664.248
"W113328219","about_only",664248,664.248
"W4297312018","about_only",664248,664.248
"W6942075269","about_only",664248,664.248
"W4240407453","about_only",664248,664.248
"W6904536661","about_only",664248,664.248
"W7018023811","about_only",664248,664.248
"W7031295444","about_only",664248,664.248
"W7000140458","about_only",664248,664.248
"W561500150","about_only",664248,664.248
"W6991190844","about_only",664248,664.248
"W3165140067","about_only",664248,664.248
"W6904907333","about_only",664248,664.248
"W1537604559","about_only",664248,664.248
"W3169392587","about_only",664248,664.248
"W7051989809","about_only",664248,664.248
"W1941460154","about_only",664248,664.248
"W4390824923","about_only",664248,664.248
"W2725582646","about_only",664248,664.248
"W2052503268","about_only",664248,664.248
"W2593611192","about_only",664248,664.248
"W70222043","about_only",664248,664.248
"W7002152859","about_only",664248,664.248
"W3170565777","about_only",664248,664.248
"W4410280966","about_only",664248,664.248
"W6904700585","about_only",664248,664.248
"W4253192694","about_only",664248,664.248
"W6893698521","about_only",664248,664.248
"W7070378608","about_only",664248,664.248
"W625426764","about_only",664248,664.248
"W2789121873","about_only",664248,664.248
"W6901567890","about_only",664248,664.248
"W6939608208","about_only",664248,664.248
"W4390520401","about_only",664248,664.248
"W6921928966","about_only",664248,664.248
"W7036422270","about_only",664248,664.248
"W4387652472","about_only",664248,664.248
"W6996048203","about_only",664248,664.248
"W6890017369","about_only",664248,664.248
"W7036489233","about_only",664248,664.248
"W4385464282","about_only",664248,664.248
"W2258564163","about_only",664248,664.248
"W6976951561","about_only",664248,664.248
"W1784247141","about_only",664248,664.248
"W6989174123","about_only",664248,664.248
"W2528966850","about_only",664248,664.248
"W2083539232","about_only",664248,664.248
"W7084139596","about_only",664248,664.248
"W4251804183","about_only",664248,664.248
"W4403552998","about_only",664248,664.248
"W4366158723","about_only",664248,664.248
"W6980337587","about_only",664248,664.248
"W7037730064","about_only",664248,664.248
"W2091972792","about_only",664248,664.248
"W7019854163","about_only",664248,664.248
"W6939121093","about_only",664248,664.248
"W2108814505","about_only",664248,664.248
"W4415002482","about_only",664248,664.248
"W3015339530","about_only",664248,664.248
"W2902629338","about_only",664248,664.248
"W2241252882","about_only",664248,664.248
"W4245040794","about_only",664248,664.248
"W2080574925","about_only",664248,664.248
"W1571965883","about_only",664248,664.248
"W613542590","about_only",664248,664.248
"W4313647239","about_only",664248,664.248
"W7046328898","about_only",664248,664.248
"W4240557010","about_only",664248,664.248
"W2475027913","about_only",664248,664.248
"W172019471","about_only",664248,664.248
"W2146966993","about_only",664248,664.248
"W2067326155","about_only",664248,664.248
"W2166946359","about_only",664248,664.248
"W6997250444","about_only",664248,664.248
"W7037227253","about_only",664248,664.248
"W4384204736","about_only",664248,664.248
"W7051556197","about_only",664248,664.248
"W4416390184","about_only",664248,664.248
"W6912816073","about_only",664248,664.248
"W4416218819","about_only",664248,664.248
"W2597652891","about_only",664248,664.248
"W7027214054","about_only",664248,664.248
"W6892800396","about_only",664248,664.248
"W6887081878","about_only",664248,664.248
"W6884646404","about_only",664248,664.248
"W7011466067","about_only",664248,664.248
"W7019587569","about_only",664248,664.248
"W2338270148","about_only",664248,664.248
"W6902383660","about_only",664248,664.248
"W7016282329","about_only",664248,664.248
"W4241980079","about_only",664248,664.248
"W6911656413","about_only",664248,664.248
"W4310239156","about_only",664248,664.248
"W2460998865","about_only",664248,664.248
"W3191587208","about_only",664248,664.248
"W6977186955","about_only",664248,664.248
"W4249443687","about_only",664248,664.248
"W2995979190","about_only",664248,664.248
"W4301806712","about_only",664248,664.248
"W7116111489","about_only",664248,664.248
"W4294612359","about_only",664248,664.248
"W6893125577","about_only",664248,664.248
"W3081583750","about_only",664248,664.248
"W3108113114","about_only",664248,664.248
"W1557396103","about_only",664248,664.248
"W6943645545","about_only",664248,664.248
"W2618374040","about_only",664248,664.248
"W3121353235","about_only",664248,664.248
"W6992327728","about_only",664248,664.248
"W4200094782","about_only",664248,664.248
"W4282915799","about_only",664248,664.248
"W2946249538","about_only",664248,664.248
"W7052936060","about_only",664248,664.248
"W4387018875","about_only",664248,664.248
"W255341390","about_only",664248,664.248
"W7094484391","about_only",664248,664.248
"W2947376257","about_only",664248,664.248
"W4405769132","about_only",664248,664.248
"W3136318980","about_only",664248,664.248
"W6981827282","about_only",664248,664.248
"W4205535259","about_only",664248,664.248
"W2060370841","about_only",664248,664.248
"W2953866053","about_only",664248,664.248
"W295956950","about_only",664248,664.248
"W2083697952","about_only",664248,664.248
"W7061279023","about_only",664248,664.248
"W6936061513","about_only",664248,664.248
"W3019084548","about_only",664248,664.248
"W2956722361","about_only",664248,664.248
"W6901382958","about_only",664248,664.248
"W6939487379","about_only",664248,664.248
"W4416846456","about_only",664248,664.248
"W1587549626","about_only",664248,664.248
"W6942021465","about_only",664248,664.248
"W3133980932","about_only",664248,664.248
"W7048546789","about_only",664248,664.248
"W2972796525","about_only",664248,664.248
"W2273496438","about_only",664248,664.248
"W4254209524","about_only",664248,664.248
"W6906012240","about_only",664248,664.248
"W2262601080","about_only",664248,664.248
"W2265905021","about_only",664248,664.248
"W6998992920","about_only",664248,664.248
"W7043588727","about_only",664248,664.248
"W7131215317","about_only",664248,664.248
"W4248430448","about_only",664248,664.248
"W7056684911","about_only",664248,664.248
"W7028781994","about_only",664248,664.248
"W4403012217","about_only",664248,664.248
"W2372120486","about_only",664248,664.248
"W2055989021","about_only",664248,664.248
"W4402771265","about_only",664248,664.248
"W2363249499","about_only",664248,664.248
"W7025424762","about_only",664248,664.248
"W4388026220","about_only",664248,664.248
"W7090877848","about_only",664248,664.248
"W2259294092","about_only",664248,664.248
"W4410506406","about_only",664248,664.248
"W2033832309","about_only",664248,664.248
"W6996568406","about_only",664248,664.248
"W6921242750","about_only",664248,664.248
"W2262053273","about_only",664248,664.248
"W6904631679","about_only",664248,664.248
"W7050376011","about_only",664248,664.248
"W4403237236","about_only",664248,664.248
"W7134804238","about_only",664248,664.248
"W7128759420","about_only",664248,664.248
"W4385827592","about_only",664248,664.248
"W7083888856","about_only",664248,664.248
"W58530311","about_only",664248,664.248
"W1557152832","about_only",664248,664.248
"W2312756791","about_only",664248,664.248
"W2279282063","about_only",664248,664.248
"W6923597261","about_only",664248,664.248
"W6960764019","about_only",664248,664.248
"W3126118961","about_only",664248,664.248
"W6967657706","about_only",664248,664.248
"W7013066063","about_only",664248,664.248
"W1966743186","about_only",664248,664.248
"W2806041424","about_only",664248,664.248
"W6927515991","about_only",664248,664.248
"W1533610911","about_only",664248,664.248
"W4254096629","about_only",664248,664.248
"W6992920289","about_only",664248,664.248
"W6964429333","about_only",664248,664.248
"W6988124497","about_only",664248,664.248
"W4280512055","about_only",664248,664.248
"W1518889371","about_only",664248,664.248
"W7000491063","about_only",664248,664.248
"W2043870752","about_only",664248,664.248
"W7038142358","about_only",664248,664.248
"W2391959385","about_only",664248,664.248
"W2241284660","about_only",664248,664.248
"W7065939088","about_only",664248,664.248
"W6908743564","about_only",664248,664.248
"W3161849004","about_only",664248,664.248
"W6920495148","about_only",664248,664.248
"W6885553510","about_only",664248,664.248
"W4412998456","about_only",664248,664.248
"W4395404689","about_only",664248,664.248
"W2061003027","about_only",664248,664.248
"W6999617384","about_only",664248,664.248
"W2336390244","about_only",664248,664.248
"W7061882380","about_only",664248,664.248
"W6946713111","about_only",664248,664.248
"W3112927620","about_only",664248,664.248
"W7024201700","about_only",664248,664.248
"W3094206525","about_only",664248,664.248
"W6885982827","about_only",664248,664.248
"W6998355309","about_only",664248,664.248
"W4319289630","about_only",664248,664.248
"W2058852084","about_only",664248,664.248
"W6905709979","about_only",664248,664.248
"W3013830156","about_only",664248,664.248
"W2789925554","about_only",664248,664.248
"W577307268","about_only",664248,664.248
"W2758704729","about_only",664248,664.248
"W6885914680","about_only",664248,664.248
"W2791781901","about_only",664248,664.248
"W2892477203","about_only",664248,664.248
"W7107994637","about_only",664248,664.248
"W6894346560","about_only",664248,664.248
"W4411044882","about_only",664248,664.248
"W2176212817","about_only",664248,664.248
"W2153168932","about_only",664248,664.248
"W6926769879","about_only",664248,664.248
"W4408048430","about_only",664248,664.248
"W2332308009","about_only",664248,664.248
"W7030257812","about_only",664248,664.248
"W6930471255","about_only",664248,664.248
"W141549053","about_only",664248,664.248
"W6958546064","about_only",664248,664.248
"W2090114366","about_only",664248,664.248
"W4283725784","about_only",664248,664.248
"W4396044683","about_only",664248,664.248
"W7093987189","about_only",664248,664.248
"W6977168484","about_only",664248,664.248
"W6983731345","about_only",664248,664.248
"W2823857660","about_only",664248,664.248
"W7049108689","about_only",664248,664.248
"W2617379699","about_only",664248,664.248
"W6958629313","about_only",664248,664.248
"W2973161626","about_only",664248,664.248
"W1986014248","about_only",664248,664.248
"W2315504567","about_only",664248,664.248
"W6958004587","about_only",664248,664.248
"W6887588247","about_only",664248,664.248
"W2462395650","about_only",664248,664.248
"W7006324778","about_only",664248,664.248
"W6902481852","about_only",664248,664.248
"W7019504808","about_only",664248,664.248
"W7084582964","about_only",664248,664.248
"W4387860524","about_only",664248,664.248
"W6961230623","about_only",664248,664.248
"W7075999672","about_only",664248,664.248
"W3191615130","about_only",664248,664.248
"W6990047620","about_only",664248,664.248
"W1991597325","about_only",664248,664.248
"W2587639896","about_only",664248,664.248
"W133908783","about_only",664248,664.248
"W4389672413","about_only",664248,664.248
"W2621584103","about_only",664248,664.248
"W6961011817","about_only",664248,664.248
"W4300710991","about_only",664248,664.248
"W6939683730","about_only",664248,664.248
"W3037961601","about_only",664248,664.248
"W6888858802","about_only",664248,664.248
"W6963962419","about_only",664248,664.248
"W2128514301","about_only",664248,664.248
"W7136095988","about_only",664248,664.248
"W7002200986","about_only",664248,664.248
"W7131232492","about_only",664248,664.248
"W7127021522","about_only",664248,664.248
"W6961920311","about_only",664248,664.248
"W7042927534","about_only",664248,664.248
"W7115713506","about_only",664248,664.248
"W2936124243","about_only",664248,664.248
"W2319479342","about_only",664248,664.248
"W4384497125","about_only",664248,664.248
"W6950329876","about_only",664248,664.248
"W2982127033","about_only",664248,664.248
"W3173034327","about_only",664248,664.248
"W3012219202","about_only",664248,664.248
"W7131214900","about_only",664248,664.248
"W6904561822","about_only",664248,664.248
"W4404020678","about_only",664248,664.248
"W2945365302","about_only",664248,664.248
"W4406886085","about_only",664248,664.248
"W6923605853","about_only",664248,664.248
"W2107970345","about_only",664248,664.248
"W1760432464","about_only",664248,664.248
"W7022383918","about_only",664248,664.248
"W339873244","about_only",664248,664.248
"W6957726377","about_only",664248,664.248
"W2482883559","about_only",664248,664.248
"W7070461745","about_only",664248,664.248
"W2161531628","about_only",664248,664.248
"W2910698990","about_only",664248,664.248
"W3121051674","about_only",664248,664.248
"W2948812433","about_only",664248,664.248
"W7072101986","about_only",664248,664.248
"W2030142750","about_only",664248,664.248
"W6942406997","about_only",664248,664.248
"W2266464117","about_only",664248,664.248
"W7058368160","about_only",664248,664.248
"W7071823255","about_only",664248,664.248
"W6940797169","about_only",664248,664.248
"W7034439322","about_only",664248,664.248
"W7036839017","about_only",664248,664.248
"W2602266471","about_only",664248,664.248
"W4413244142","about_only",664248,664.248
"W4230476071","about_only",664248,664.248
"W6893959710","about_only",664248,664.248
"W137380767","about_only",664248,664.248
"W1963614654","about_only",664248,664.248
"W6967931477","about_only",664248,664.248
"W6977785891","about_only",664248,664.248
"W2796230234","about_only",664248,664.248
"W4300616815","about_only",664248,664.248
"W2550481035","about_only",664248,664.248
"W7057251629","about_only",664248,664.248
"W2884752382","about_only",664248,664.248
"W4390201636","about_only",664248,664.248
"W2763593142","about_only",664248,664.248
"W4302560090","about_only",664248,664.248
"W6924459062","about_only",664248,664.248
"W6999803308","about_only",664248,664.248
"W6949863803","about_only",664248,664.248
"W3126106505","about_only",664248,664.248
"W4381376611","about_only",664248,664.248
"W6991112624","about_only",664248,664.248
"W6968038583","about_only",664248,664.248
"W2801387139","about_only",664248,664.248
"W6980697982","about_only",664248,664.248
"W6901428547","about_only",664248,664.248
"W4411158760","about_only",664248,664.248
"W2376806263","about_only",664248,664.248
"W6888970311","about_only",664248,664.248
"W6976415348","about_only",664248,664.248
"W7042240122","about_only",664248,664.248
"W6911473686","about_only",664248,664.248
"W2948429247","about_only",664248,664.248
"W1980081163","about_only",664248,664.248
"W2611447540","about_only",664248,664.248
"W6911512394","about_only",664248,664.248
"W4319006547","about_only",664248,664.248
"W7063814964","about_only",664248,664.248
"W7051593339","about_only",664248,664.248
"W6976933066","about_only",664248,664.248
"W7101472127","about_only",664248,664.248
"W3184137801","about_only",664248,664.248
"W2817366621","about_only",664248,664.248
"W4400626017","about_only",664248,664.248
"W4387041888","about_only",664248,664.248
"W768189996","about_only",664248,664.248
"W6907804916","about_only",664248,664.248
"W1908349942","about_only",664248,664.248
"W6920799264","about_only",664248,664.248
"W6942520216","about_only",664248,664.248
"W3023602422","about_only",664248,664.248
"W2345775040","about_only",664248,664.248
"W3110752540","about_only",664248,664.248
"W3139106863","about_only",664248,664.248
"W6957927129","about_only",664248,664.248
"W7008910290","about_only",664248,664.248
"W4385255162","about_only",664248,664.248
"W2986233616","about_only",664248,664.248
"W4255067160","about_only",664248,664.248
"W7012961824","about_only",664248,664.248
"W6946397012","about_only",664248,664.248
"W6996466466","about_only",664248,664.248
"W2113621003","about_only",664248,664.248
"W6949654870","about_only",664248,664.248
"W7084142923","about_only",664248,664.248
"W2725845685","about_only",664248,664.248
"W6885966601","about_only",664248,664.248
"W4252813849","about_only",664248,664.248
"W6958666166","about_only",664248,664.248
"W4390479558","about_only",664248,664.248
"W6991308456","about_only",664248,664.248
"W2178268226","about_only",664248,664.248
"W4299298761","about_only",664248,664.248
"W2353925907","about_only",664248,664.248
"W1587360604","about_only",664248,664.248
"W2383906893","about_only",664248,664.248
"W6931757955","about_only",664248,664.248
"W6902092293","about_only",664248,664.248
"W7067467512","about_only",664248,664.248
"W2282185636","about_only",664248,664.248
"W7155465512","about_only",664248,664.248
"W7131266995","about_only",664248,664.248
"W4283209327","about_only",664248,664.248
"W2114405284","about_only",664248,664.248
"W2513166523","about_only",664248,664.248
"W7008791890","about_only",664248,664.248
"W2039641355","about_only",664248,664.248
"W2995603563","about_only",664248,664.248
"W7046197645","about_only",664248,664.248
"W3122781030","about_only",664248,664.248
"W4250773648","about_only",664248,664.248
"W4205691524","about_only",664248,664.248
"W810416225","about_only",664248,664.248
"W6998989644","about_only",664248,664.248
"W6902145086","about_only",664248,664.248
"W4223956061","about_only",664248,664.248
"W6940119674","about_only",664248,664.248
"W6893944244","about_only",664248,664.248
"W2129554329","about_only",664248,664.248
"W6889041330","about_only",664248,664.248
"W6902038998","about_only",664248,664.248
"W1987557622","about_only",664248,664.248
"W4394415148","about_only",664248,664.248
"W6939873302","about_only",664248,664.248
"W210592458","about_only",664248,664.248
"W6888485597","about_only",664248,664.248
"W6941798036","about_only",664248,664.248
"W7033549579","about_only",664248,664.248
"W3006537243","about_only",664248,664.248
"W6949272876","about_only",664248,664.248
"W6974017988","about_only",664248,664.248
"W154505098","about_only",664248,664.248
"W3146325597","about_only",664248,664.248
"W1786454470","about_only",664248,664.248
"W4313894372","about_only",664248,664.248
"W7055132387","about_only",664248,664.248
"W3026613021","about_only",664248,664.248
"W2807789811","about_only",664248,664.248
"W2073142663","about_only",664248,664.248
"W7033590483","about_only",664248,664.248
"W7019278520","about_only",664248,664.248
"W2986685910","about_only",664248,664.248
"W3155759990","about_only",664248,664.248
"W6923323160","about_only",664248,664.248
"W2906764890","about_only",664248,664.248
"W7012109209","about_only",664248,664.248
"W6964003783","about_only",664248,664.248
"W2104235695","about_only",664248,664.248
"W4415661008","about_only",664248,664.248
"W2119935344","about_only",664248,664.248
"W2017268493","about_only",664248,664.248
"W2170795578","about_only",664248,664.248
"W2753389618","about_only",664248,664.248
"W7063933615","about_only",664248,664.248
"W2759749128","about_only",664248,664.248
"W6968184630","about_only",664248,664.248
"W7000833655","about_only",664248,664.248
"W7063791729","about_only",664248,664.248
"W2963760108","about_only",664248,664.248
"W6939940808","about_only",664248,664.248
"W2561803042","about_only",664248,664.248
"W3112798641","about_only",664248,664.248
"W2998966789","about_only",664248,664.248
"W2075935553","about_only",664248,664.248
"W2547689288","about_only",664248,664.248
"W2559585312","about_only",664248,664.248
"W3123787275","about_only",664248,664.248
"W2345002404","about_only",664248,664.248
"W4395998810","about_only",664248,664.248
"W6911364520","about_only",664248,664.248
"W2326491169","about_only",664248,664.248
"W3092331804","about_only",664248,664.248
"W6991062535","about_only",664248,664.248
"W4388722017","about_only",664248,664.248
"W6989449993","about_only",664248,664.248
"W6957541074","about_only",664248,664.248
"W4394500034","about_only",664248,664.248
"W1479891315","about_only",664248,664.248
"W3160723453","about_only",664248,664.248
"W6902118286","about_only",664248,664.248
"W7083469960","about_only",664248,664.248
"W6901605701","about_only",664248,664.248
"W6941889181","about_only",664248,664.248
"W7006247371","about_only",664248,664.248
"W6958151107","about_only",664248,664.248
"W4403924432","about_only",664248,664.248
"W7044368799","about_only",664248,664.248
"W4385867171","about_only",664248,664.248
"W1504837178","about_only",664248,664.248
"W6884638610","about_only",664248,664.248
"W1973787172","about_only",664248,664.248
"W2083940486","about_only",664248,664.248
"W3187350720","about_only",664248,664.248
"W1263473218","about_only",664248,664.248
"W4395350596","about_only",664248,664.248
"W4407980817","about_only",664248,664.248
"W4245666420","about_only",664248,664.248
"W7131299462","about_only",664248,664.248
"W4295901491","about_only",664248,664.248
"W7012748360","about_only",664248,664.248
"W6923568107","about_only",664248,664.248
"W2353341228","about_only",664248,664.248
"W6957909737","about_only",664248,664.248
"W6980004544","about_only",664248,664.248
"W2086768243","about_only",664248,664.248
"W6889054332","about_only",664248,664.248
"W581260361","about_only",664248,664.248
"W3044455566","about_only",664248,664.248
"W215717270","about_only",664248,664.248
"W6960690423","about_only",664248,664.248
"W6967713572","about_only",664248,664.248
"W6894057728","about_only",664248,664.248
"W2735202326","about_only",664248,664.248
"W7039662525","about_only",664248,664.248
"W2791033355","about_only",664248,664.248
"W6963515593","about_only",664248,664.248
"W2808553566","about_only",664248,664.248
"W6920740223","about_only",664248,664.248
"W7131254894","about_only",664248,664.248
"W2182425999","about_only",664248,664.248
"W6904490905","about_only",664248,664.248
"W1910129991","about_only",664248,664.248
"W1826042447","about_only",664248,664.248
"W6939842052","about_only",664248,664.248
"W4394853657","about_only",664248,664.248
"W6892833697","about_only",664248,664.248
"W6904182577","about_only",664248,664.248
"W3029132722","about_only",664248,664.248
"W4394536448","about_only",664248,664.248
"W6965591249","about_only",664248,664.248
"W7000935106","about_only",664248,664.248
"W2598770334","about_only",664248,664.248
"W4311038261","about_only",664248,664.248
"W4403108704","about_only",664248,664.248
"W7130505423","about_only",664248,664.248
"W1973172443","about_only",664248,664.248
"W4281773966","about_only",664248,664.248
"W7131236477","about_only",664248,664.248
"W6884635284","about_only",664248,664.248
"W6961559160","about_only",664248,664.248
"W4400424919","about_only",664248,664.248
"W6903552386","about_only",664248,664.248
"W6994411268","about_only",664248,664.248
"W6885972864","about_only",664248,664.248
"W4404567735","about_only",664248,664.248
"W4413360083","about_only",664248,664.248
"W6908129271","about_only",664248,664.248
"W7083854814","about_only",664248,664.248
"W4321273028","about_only",664248,664.248
"W6942368659","about_only",664248,664.248
"W6907388347","about_only",664248,664.248
"W4392918346","about_only",664248,664.248
"W2883492555","about_only",664248,664.248
"W2337018665","about_only",664248,664.248
"W2809429683","about_only",664248,664.248
"W6901838094","about_only",664248,664.248
"W7009284462","about_only",664248,664.248
"W2803889513","about_only",664248,664.248
"W6977252027","about_only",664248,664.248
"W4387835275","about_only",664248,664.248
"W2282772021","about_only",664248,664.248
"W7110671876","about_only",664248,664.248
"W4297359477","about_only",664248,664.248
"W7033890987","about_only",664248,664.248
"W7001249414","about_only",664248,664.248
"W4229809620","about_only",664248,664.248
"W7034057288","about_only",664248,664.248
"W4299671055","about_only",664248,664.248
"W7056313560","about_only",664248,664.248
"W6904512881","about_only",664248,664.248
"W6990929138","about_only",664248,664.248
"W173903016","about_only",664248,664.248
"W3049687453","about_only",664248,664.248
"W2660147652","about_only",664248,664.248
"W6930061086","about_only",664248,664.248
"W2050755805","about_only",664248,664.248
"W6990744195","about_only",664248,664.248
"W1538886093","about_only",664248,664.248
"W6977988080","about_only",664248,664.248
"W3040047666","about_only",664248,664.248
"W6945491536","about_only",664248,664.248
"W2998741351","about_only",664248,664.248
"W6968161826","about_only",664248,664.248
"W6942737044","about_only",664248,664.248
"W7040079672","about_only",664248,664.248
"W4399553987","about_only",664248,664.248
"W6981206223","about_only",664248,664.248
"W7069431261","about_only",664248,664.248
"W2516547944","about_only",664248,664.248
"W4390454926","about_only",664248,664.248
"W4394296807","about_only",664248,664.248
"W1624860201","about_only",664248,664.248
"W2529647339","about_only",664248,664.248
"W3038049250","about_only",664248,664.248
"W4380448259","about_only",664248,664.248
"W4229594930","about_only",664248,664.248
"W7029011307","about_only",664248,664.248
"W4412688423","about_only",664248,664.248
"W4394933918","about_only",664248,664.248
"W7051577933","about_only",664248,664.248
"W2794961250","about_only",664248,664.248
"W4404799263","about_only",664248,664.248
"W6921290267","about_only",664248,664.248
"W4229443083","about_only",664248,664.248
"W4225164722","about_only",664248,664.248
"W6998774020","about_only",664248,664.248
"W2573922509","about_only",664248,664.248
"W2942573567","about_only",664248,664.248
"W4377240648","about_only",664248,664.248
"W4395458640","about_only",664248,664.248
"W6949240381","about_only",664248,664.248
"W2322459647","about_only",664248,664.248
"W2118699725","about_only",664248,664.248
"W7028811053","about_only",664248,664.248
"W6999638281","about_only",664248,664.248
"W4232325870","about_only",664248,664.248
"W2919603384","about_only",664248,664.248
"W2385050275","about_only",664248,664.248
"W7062282197","about_only",664248,664.248
"W2481684576","about_only",664248,664.248
"W2761745879","about_only",664248,664.248
"W2801404756","about_only",664248,664.248
"W7005290357","about_only",664248,664.248
"W6885737538","about_only",664248,664.248
"W6904859136","about_only",664248,664.248
"W2484033933","about_only",664248,664.248
"W4388004572","about_only",664248,664.248
"W7018762969","about_only",664248,664.248
"W4390724391","about_only",664248,664.248
"W4320734174","about_only",664248,664.248
"W2774670089","about_only",664248,664.248
"W7065932126","about_only",664248,664.248
"W2236150584","about_only",664248,664.248
"W4293746546","about_only",664248,664.248
"W3080097605","about_only",664248,664.248
"W4405640155","about_only",664248,664.248
"W6930144128","about_only",664248,664.248
"W7103572747","about_only",664248,664.248
"W7132144504","about_only",664248,664.248
"W6961189317","about_only",664248,664.248
"W7027390897","about_only",664248,664.248
"W2366094545","about_only",664248,664.248
"W6888798687","about_only",664248,664.248
"W7033420313","about_only",664248,664.248
"W4322728180","about_only",664248,664.248
"W2037177348","about_only",664248,664.248
"W7132889833","about_only",664248,664.248
"W4307061249","about_only",664248,664.248
"W6968119346","about_only",664248,664.248
"W7110330862","about_only",664248,664.248
"W2044380807","about_only",664248,664.248
"W6976541939","about_only",664248,664.248
"W4392091555","about_only",664248,664.248
"W4388988056","about_only",664248,664.248
"W3027052319","about_only",664248,664.248
"W7071132368","about_only",664248,664.248
"W4403288791","about_only",664248,664.248
"W7018900416","about_only",664248,664.248
"W4414166423","about_only",664248,664.248
"W4412438154","about_only",664248,664.248
"W4407778259","about_only",664248,664.248
"W7134492998","about_only",664248,664.248
"W184579856","about_only",664248,664.248
"W7045616187","about_only",664248,664.248
"W7104457653","about_only",664248,664.248
"W97775384","about_only",664248,664.248
"W6911431710","about_only",664248,664.248
"W6893952668","about_only",664248,664.248
"W2159338887","about_only",664248,664.248
"W6976878417","about_only",664248,664.248
"W4411224147","about_only",664248,664.248
"W7024188497","about_only",664248,664.248
"W6958413918","about_only",664248,664.248
"W4300920754","about_only",664248,664.248
"W4253710338","about_only",664248,664.248
"W6930387906","about_only",664248,664.248
"W7009984573","about_only",664248,664.248
"W4403725695","about_only",664248,664.248
"W6909189679","about_only",664248,664.248
"W947899588","about_only",664248,664.248
"W3134825266","about_only",664248,664.248
"W2293957019","about_only",664248,664.248
"W4403596067","about_only",664248,664.248
"W7075348674","about_only",664248,664.248
"W3112216288","about_only",664248,664.248
"W7131230066","about_only",664248,664.248
"W7068773636","about_only",664248,664.248
"W4394835248","about_only",664248,664.248
"W7009670931","about_only",664248,664.248
"W104895083","about_only",664248,664.248
"W2496871640","about_only",664248,664.248
"W6912965326","about_only",664248,664.248
"W2767289697","about_only",664248,664.248
"W2091460939","about_only",664248,664.248
"W3022399917","about_only",664248,664.248
"W7113524811","about_only",664248,664.248
"W6946124223","about_only",664248,664.248
"W7017281992","about_only",664248,664.248
"W6940006517","about_only",664248,664.248
"W6920794759","about_only",664248,664.248
"W3110916954","about_only",664248,664.248
"W7064156635","about_only",664248,664.248
"W2486083386","about_only",664248,664.248
"W1599196196","about_only",664248,664.248
"W4395806492","about_only",664248,664.248
"W7037153015","about_only",664248,664.248
"W7066956425","about_only",664248,664.248
"W6898657304","about_only",664248,664.248
"W1959461318","about_only",664248,664.248
"W6902536685","about_only",664248,664.248
"W3213857544","about_only",664248,664.248
"W2765969840","about_only",664248,664.248
"W6958160435","about_only",664248,664.248
"W6981550025","about_only",664248,664.248
"W4243605618","about_only",664248,664.248
"W4246874723","about_only",664248,664.248
"W7024333737","about_only",664248,664.248
"W1579512560","about_only",664248,664.248
"W7030465652","about_only",664248,664.248
"W6977093182","about_only",664248,664.248
"W3087211185","about_only",664248,664.248
"W2213970567","about_only",664248,664.248
"W4310004431","about_only",664248,664.248
"W4212845271","about_only",664248,664.248
"W7002284087","about_only",664248,664.248
"W7005036320","about_only",664248,664.248
"W6892767752","about_only",664248,664.248
"W6958327224","about_only",664248,664.248
"W6886022638","about_only",664248,664.248
"W4394106342","about_only",664248,664.248
"W6887086255","about_only",664248,664.248
"W6920375368","about_only",664248,664.248
"W196990054","about_only",664248,664.248
"W6924583542","about_only",664248,664.248
"W4415417687","about_only",664248,664.248
"W4408667482","about_only",664248,664.248
"W4379805695","about_only",664248,664.248
"W4231785878","about_only",664248,664.248
"W4308196115","about_only",664248,664.248
"W7082147875","about_only",664248,664.248
"W1973226875","about_only",664248,664.248
"W7072193421","about_only",664248,664.248
"W7026933539","about_only",664248,664.248
"W3128306075","about_only",664248,664.248
"W3018630441","about_only",664248,664.248
"W6987383385","about_only",664248,664.248
"W6965560067","about_only",664248,664.248
"W6988086757","about_only",664248,664.248
"W7131265680","about_only",664248,664.248
"W2000919469","about_only",664248,664.248
"W2154181035","about_only",664248,664.248
"W6924611417","about_only",664248,664.248
"W1981731360","about_only",664248,664.248
"W7133097794","about_only",664248,664.248
"W1906401330","about_only",664248,664.248
"W4391428684","about_only",664248,664.248
"W6941925239","about_only",664248,664.248
"W4206327032","about_only",664248,664.248
"W6904823124","about_only",664248,664.248
"W7131311659","about_only",664248,664.248
"W6923610754","about_only",664248,664.248
"W1484615228","about_only",664248,664.248
"W7030265571","about_only",664248,664.248
"W7074648571","about_only",664248,664.248
"W6888942087","about_only",664248,664.248
"W946741747","about_only",664248,664.248
"W6943487988","about_only",664248,664.248
"W6921501398","about_only",664248,664.248
"W7073551110","about_only",664248,664.248
"W7130600055","about_only",664248,664.248
"W4230176783","about_only",664248,664.248
"W2257107672","about_only",664248,664.248
"W6904762432","about_only",664248,664.248
"W167550702","about_only",664248,664.248
"W2132986352","about_only",664248,664.248
"W3213684660","about_only",664248,664.248
"W4383681782","about_only",664248,664.248
"W4391146783","about_only",664248,664.248
"W6957538865","about_only",664248,664.248
"W6964192504","about_only",664248,664.248
"W6986899592","about_only",664248,664.248
"W6942475327","about_only",664248,664.248
"W7126644382","about_only",664248,664.248
"W6960437647","about_only",664248,664.248
"W4408382275","about_only",664248,664.248
"W2259436430","about_only",664248,664.248
"W3167116817","about_only",664248,664.248
"W6886030247","about_only",664248,664.248
"W1260037274","about_only",664248,664.248
"W6949318732","about_only",664248,664.248
"W2527502148","about_only",664248,664.248
"W7140155696","about_only",664248,664.248
"W6918043589","about_only",664248,664.248
"W4252816453","about_only",664248,664.248
"W4367852510","about_only",664248,664.248
"W1782656671","about_only",664248,664.248
"W2766466178","about_only",664248,664.248
"W6907952260","about_only",664248,664.248
"W4399230904","about_only",664248,664.248
"W7039091159","about_only",664248,664.248
"W6949787776","about_only",664248,664.248
"W3121687855","about_only",664248,664.248
"W2382874331","about_only",664248,664.248
"W6892702729","about_only",664248,664.248
"W2164651697","about_only",664248,664.248
"W6941155458","about_only",664248,664.248
"W4308448335","about_only",664248,664.248
"W241673770","about_only",664248,664.248
"W2970597142","about_only",664248,664.248
"W4398171223","about_only",664248,664.248
"W6980079434","about_only",664248,664.248
"W2884877336","about_only",664248,664.248
"W7120374528","about_only",664248,664.248
"W7005745124","about_only",664248,664.248
"W6987964891","about_only",664248,664.248
"W6958809222","about_only",664248,664.248
"W2776010795","about_only",664248,664.248
"W2496327130","about_only",664248,664.248
"W7104436838","about_only",664248,664.248
"W4414833886","about_only",664248,664.248
"W1989463352","about_only",664248,664.248
"W4308415173","about_only",664248,664.248
"W6930634187","about_only",664248,664.248
"W1964986896","about_only",664248,664.248
"W6892641962","about_only",664248,664.248
"W4285551700","about_only",664248,664.248
"W2465490507","about_only",664248,664.248
"W4396208665","about_only",664248,664.248
"W1989964661","about_only",664248,664.248
"W7052985854","about_only",664248,664.248
"W4231547674","about_only",664248,664.248
"W7131236989","about_only",664248,664.248
"W4401474863","about_only",664248,664.248
"W2802940346","about_only",664248,664.248
"W2805799488","about_only",664248,664.248
"W6926851798","about_only",664248,664.248
"W6967592212","about_only",664248,664.248
"W7005637853","about_only",664248,664.248
"W1620473997","about_only",664248,664.248
"W6989933504","about_only",664248,664.248
"W2279755464","about_only",664248,664.248
"W601268857","about_only",664248,664.248
"W6902487631","about_only",664248,664.248
"W2978130271","about_only",664248,664.248
"W3005796191","about_only",664248,664.248
"W2468103312","about_only",664248,664.248
"W6923216985","about_only",664248,664.248
"W4387582796","about_only",664248,664.248
"W2278081136","about_only",664248,664.248
"W7065767380","about_only",664248,664.248
"W7010746938","about_only",664248,664.248
"W7009215766","about_only",664248,664.248
"W6977892184","about_only",664248,664.248
"W3121959756","about_only",664248,664.248
"W7062561639","about_only",664248,664.248
"W2922244800","about_only",664248,664.248
"W2037959002","about_only",664248,664.248
"W120778348","about_only",664248,664.248
"W4416628623","about_only",664248,664.248
"W6967861688","about_only",664248,664.248
"W2606532563","about_only",664248,664.248
"W1039313500","about_only",664248,664.248
"W804701262","about_only",664248,664.248
"W4414086102","about_only",664248,664.248
"W2331788398","about_only",664248,664.248
"W4394344544","about_only",664248,664.248
"W6936431170","about_only",664248,664.248
"W55982005","about_only",664248,664.248
"W2071639740","about_only",664248,664.248
"W7027002267","about_only",664248,664.248
"W6926270415","about_only",664248,664.248
"W6889415599","about_only",664248,664.248
"W7027020710","about_only",664248,664.248
"W4244162840","about_only",664248,664.248
"W3024165102","about_only",664248,664.248
"W2237747840","about_only",664248,664.248
"W6911493000","about_only",664248,664.248
"W4399504543","about_only",664248,664.248
"W2334975136","about_only",664248,664.248
"W2101933383","about_only",664248,664.248
"W7019456295","about_only",664248,664.248
"W3091603309","about_only",664248,664.248
"W2377507358","about_only",664248,664.248
"W1597324702","about_only",664248,664.248
"W7015074245","about_only",664248,664.248
"W6986309033","about_only",664248,664.248
"W3029689645","about_only",664248,664.248
"W3097788189","about_only",664248,664.248
"W6884562640","about_only",664248,664.248
"W6967640544","about_only",664248,664.248
"W6921225108","about_only",664248,664.248
"W6928747771","about_only",664248,664.248
"W2049826059","about_only",664248,664.248
"W7017331245","about_only",664248,664.248
"W6950014426","about_only",664248,664.248
"W4212921244","about_only",664248,664.248
"W6911408843","about_only",664248,664.248
"W4393924578","about_only",664248,664.248
"W4231307883","about_only",664248,664.248
"W2139588373","about_only",664248,664.248
"W4395452456","about_only",664248,664.248
"W2062984057","about_only",664248,664.248
"W2951747687","about_only",664248,664.248
"W2970213759","about_only",664248,664.248
"W4386643192","about_only",664248,664.248
"W3214210185","about_only",664248,664.248
"W7009267883","about_only",664248,664.248
"W4285797586","about_only",664248,664.248
"W6923243841","about_only",664248,664.248
"W393376373","about_only",664248,664.248
"W2731484330","about_only",664248,664.248
"W2025972508","about_only",664248,664.248
"W4381378215","about_only",664248,664.248
"W4375935525","about_only",664248,664.248
"W6962609206","about_only",664248,664.248
"W7131297463","about_only",664248,664.248
"W7071045980","about_only",664248,664.248
"W4386844382","about_only",664248,664.248
"W6960668238","about_only",664248,664.248
"W7055251532","about_only",664248,664.248
"W7037966450","about_only",664248,664.248
"W1166835344","about_only",664248,664.248
"W3024929764","about_only",664248,664.248
"W2030486575","about_only",664248,664.248
"W23603165","about_only",664248,664.248
"W7106003973","about_only",664248,664.248
"W2531281089","venue_new",402637,536.849333333333
"W4251639620","venue_new",402637,536.849333333333
"W7023912515","venue_new",402637,536.849333333333
"W2590692430","venue_new",402637,536.849333333333
"W4392559409","venue_new",402637,536.849333333333
"W4404608767","venue_new",402637,536.849333333333
"W2605602578","venue_new",402637,536.849333333333
"W1885775725","venue_new",402637,536.849333333333
"W4412754703","venue_new",402637,536.849333333333
"W4406551248","venue_new",402637,536.849333333333
"W4403430037","venue_new",402637,536.849333333333
"W4406514718","venue_new",402637,536.849333333333
"W4386001407","venue_new",402637,536.849333333333
"W2970537003","venue_new",402637,536.849333333333
"W2799443211","venue_new",402637,536.849333333333
"W4399171612","venue_new",402637,536.849333333333
"W7038750779","venue_new",402637,536.849333333333
"W4231747077","venue_new",402637,536.849333333333
"W4382237844","venue_new",402637,536.849333333333
"W7051933086","venue_new",402637,536.849333333333
"W2129391905","venue_new",402637,536.849333333333
"W2109833850","venue_new",402637,536.849333333333
"W2001203109","venue_new",402637,536.849333333333
"W1942641482","venue_new",402637,536.849333333333
"W2366854712","venue_new",402637,536.849333333333
"W2178181779","venue_new",402637,536.849333333333
"W4241958252","venue_new",402637,536.849333333333
"W2276921444","venue_new",402637,536.849333333333
"W3093312974","venue_new",402637,536.849333333333
"W2992813950","venue_new",402637,536.849333333333
"W2385258320","venue_new",402637,536.849333333333
"W4406450445","venue_new",402637,536.849333333333
"W2180109668","venue_new",402637,536.849333333333
"W2800175769","venue_new",402637,536.849333333333
"W85143298","venue_new",402637,536.849333333333
"W2313291624","venue_new",402637,536.849333333333
"W1560339098","venue_new",402637,536.849333333333
"W4241657217","venue_new",402637,536.849333333333
"W2337442133","venue_new",402637,536.849333333333
"W408743753","venue_new",402637,536.849333333333
"W4239396545","venue_new",402637,536.849333333333
"W2053001893","venue_new",402637,536.849333333333
"W2944690329","venue_new",402637,536.849333333333
"W2894959978","venue_new",402637,536.849333333333
"W12999152","venue_new",402637,536.849333333333
"W2101840106","venue_new",402637,536.849333333333
"W2604270671","venue_new",402637,536.849333333333
"W2364480322","venue_new",402637,536.849333333333
"W4406512086","venue_new",402637,536.849333333333
"W4411618349","venue_new",402637,536.849333333333
"W3186470425","venue_new",402637,536.849333333333
"W3217173913","venue_new",402637,536.849333333333
"W4406559464","venue_new",402637,536.849333333333
"W2135774338","venue_new",402637,536.849333333333
"W2031250413","venue_new",402637,536.849333333333
"W2030870048","venue_new",402637,536.849333333333
"W4406485964","venue_new",402637,536.849333333333
"W4281871258","venue_new",402637,536.849333333333
"W4280530892","venue_new",402637,536.849333333333
"W4406467789","venue_new",402637,536.849333333333
"W4408576404","venue_new",402637,536.849333333333
"W2896371217","venue_new",402637,536.849333333333
"W152597182","venue_new",402637,536.849333333333
"W7029575033","venue_new",402637,536.849333333333
"W4406463910","venue_new",402637,536.849333333333
"W4237717244","venue_new",402637,536.849333333333
"W2324021142","venue_new",402637,536.849333333333
"W2129549604","venue_new",402637,536.849333333333
"W2381702095","venue_new",402637,536.849333333333
"W2160289646","venue_new",402637,536.849333333333
"W915973112","venue_new",402637,536.849333333333
"W4405282358","venue_new",402637,536.849333333333
"W7160120580","venue_new",402637,536.849333333333
"W4252029477","venue_new",402637,536.849333333333
"W2806316919","venue_new",402637,536.849333333333
"W1604734564","venue_new",402637,536.849333333333
"W3041382910","venue_new",402637,536.849333333333
"W3029773129","venue_new",402637,536.849333333333
"W4395955281","venue_new",402637,536.849333333333
"W3176917279","venue_new",402637,536.849333333333
"W3110879829","venue_new",402637,536.849333333333
"W2808892733","venue_new",402637,536.849333333333
"W3198908004","venue_new",402637,536.849333333333
"W2565943557","venue_new",402637,536.849333333333
"W1583364654","venue_new",402637,536.849333333333
"W2043223604","venue_new",402637,536.849333333333
"W2130096896","venue_new",402637,536.849333333333
"W4379600182","venue_new",402637,536.849333333333
"W2897935534","venue_new",402637,536.849333333333
"W4414714402","venue_new",402637,536.849333333333
"W3169329315","venue_new",402637,536.849333333333
"W2762912366","venue_new",402637,536.849333333333
"W339935060","venue_new",402637,536.849333333333
"W2888845521","venue_new",402637,536.849333333333
"W2109136362","venue_new",402637,536.849333333333
"W4413912422","venue_new",402637,536.849333333333
"W2744761820","venue_new",402637,536.849333333333
"W2571201255","venue_new",402637,536.849333333333
"W2761574541","venue_new",402637,536.849333333333
"W2977629353","venue_new",402637,536.849333333333
"W2097027224","venue_new",402637,536.849333333333
"W4406508471","venue_new",402637,536.849333333333
"W2419489450","venue_new",402637,536.849333333333
"W2587825529","venue_new",402637,536.849333333333
"W4413003685","venue_new",402637,536.849333333333
"W2270489425","venue_new",402637,536.849333333333
"W2430260725","venue_new",402637,536.849333333333
"W2780299265","venue_new",402637,536.849333333333
"W3143817422","venue_new",402637,536.849333333333
"W2323584913","venue_new",402637,536.849333333333
"W1903562992","venue_new",402637,536.849333333333
"W2938496165","venue_new",402637,536.849333333333
"W4406582001","venue_new",402637,536.849333333333
"W2810879288","venue_new",402637,536.849333333333
"W2117301037","venue_new",402637,536.849333333333
"W2320565105","venue_new",402637,536.849333333333
"W2804761397","venue_new",402637,536.849333333333
"W2006853590","venue_new",402637,536.849333333333
"W1949491860","venue_new",402637,536.849333333333
"W4401514553","venue_new",402637,536.849333333333
"W2608964748","venue_new",402637,536.849333333333
"W4406582915","venue_new",402637,536.849333333333
"W1531098913","venue_new",402637,536.849333333333
"W3181510741","venue_new",402637,536.849333333333
"W4415099718","venue_new",402637,536.849333333333
"W2946125747","venue_new",402637,536.849333333333
"W2599353059","venue_new",402637,536.849333333333
"W4321368605","venue_new",402637,536.849333333333
"W4210817127","venue_new",402637,536.849333333333
"W2982494671","venue_new",402637,536.849333333333
"W4403448471","venue_new",402637,536.849333333333
"W4232283990","venue_new",402637,536.849333333333
"W4395462678","venue_new",402637,536.849333333333
"W4243658975","venue_new",402637,536.849333333333
"W4414833970","venue_new",402637,536.849333333333
"W1887637227","venue_new",402637,536.849333333333
"W1997786216","venue_new",402637,536.849333333333
"W2134657157","venue_new",402637,536.849333333333
"W2116573767","venue_new",402637,536.849333333333
"W4213088629","venue_new",402637,536.849333333333
"W586714976","venue_new",402637,536.849333333333
"W2937302759","venue_new",402637,536.849333333333
"W7132059117","venue_new",402637,536.849333333333
"W6982100062","venue_new",402637,536.849333333333
"W2148504080","venue_new",402637,536.849333333333
"W2111140036","venue_new",402637,536.849333333333
"W2924117580","venue_new",402637,536.849333333333
"W2551108406","venue_new",402637,536.849333333333
"W7045879104","venue_new",402637,536.849333333333
"W4385843707","venue_new",402637,536.849333333333
"W2588324126","venue_new",402637,536.849333333333
"W2134787308","venue_new",402637,536.849333333333
"W3159817887","venue_new",402637,536.849333333333
"W4410715777","venue_new",402637,536.849333333333
"W2383568726","venue_new",402637,536.849333333333
"W1828160346","venue_new",402637,536.849333333333
"W4382680797","venue_new",402637,536.849333333333
"W2002718597","venue_new",402637,536.849333333333
"W2061691990","venue_new",402637,536.849333333333
"W7019535541","venue_new",402637,536.849333333333
"W2113428469","venue_new",402637,536.849333333333
"W3216006910","venue_new",402637,536.849333333333
"W1992508749","venue_new",402637,536.849333333333
"W2807155795","venue_new",402637,536.849333333333
"W2095238181","venue_new",402637,536.849333333333
"W2033887479","venue_new",402637,536.849333333333
"W4229722478","venue_new",402637,536.849333333333
"W6991293402","venue_new",402637,536.849333333333
"W2331135463","venue_new",402637,536.849333333333
"W2130186887","venue_new",402637,536.849333333333
"W4406491893","venue_new",402637,536.849333333333
"W2919081356","venue_new",402637,536.849333333333
"W4406504694","venue_new",402637,536.849333333333
"W7008515719","venue_new",402637,536.849333333333
"W2561411892","venue_new",402637,536.849333333333
"W2079518834","venue_new",402637,536.849333333333
"W2160763893","venue_new",402637,536.849333333333
"W2123724816","venue_new",402637,536.849333333333
"W7085526592","venue_new",402637,536.849333333333
"W2905001800","venue_new",402637,536.849333333333
"W4214759109","venue_new",402637,536.849333333333
"W3046556377","venue_new",402637,536.849333333333
"W3023719214","venue_new",402637,536.849333333333
"W4406382648","venue_new",402637,536.849333333333
"W2900586281","venue_new",402637,536.849333333333
"W4410754716","venue_new",402637,536.849333333333
"W1967538551","venue_new",402637,536.849333333333
"W3096337883","venue_new",402637,536.849333333333
"W2898804222","venue_new",402637,536.849333333333
"W2097168534","venue_new",402637,536.849333333333
"W4241994961","venue_new",402637,536.849333333333
"W4385293488","venue_new",402637,536.849333333333
"W4391319265","venue_new",402637,536.849333333333
"W3204060961","venue_new",402637,536.849333333333
"W4400473043","venue_new",402637,536.849333333333
"W1619320850","venue_new",402637,536.849333333333
"W4406555661","venue_new",402637,536.849333333333
"W2374645861","venue_new",402637,536.849333333333
"W4406430072","venue_new",402637,536.849333333333
"W2792600440","venue_new",402637,536.849333333333
"W2615008467","venue_new",402637,536.849333333333
"W3168964249","venue_new",402637,536.849333333333
"W1995772874","venue_new",402637,536.849333333333
"W2757968219","venue_new",402637,536.849333333333
"W2265663418","venue_new",402637,536.849333333333
"W4392424036","venue_new",402637,536.849333333333
"W4406399281","venue_new",402637,536.849333333333
"W2090457740","venue_new",402637,536.849333333333
"W7164933196","venue_new",402637,536.849333333333
"W4391814225","venue_new",402637,536.849333333333
"W2966859107","venue_new",402637,536.849333333333
"W4313124143","venue_new",402637,536.849333333333
"W1982956545","venue_new",402637,536.849333333333
"W2118108786","venue_new",402637,536.849333333333
"W4406537484","venue_new",402637,536.849333333333
"W2757023367","venue_new",402637,536.849333333333
"W2153595006","venue_new",402637,536.849333333333
"W2759598964","venue_new",402637,536.849333333333
"W3000533481","venue_new",402637,536.849333333333
"W3195481820","venue_new",402637,536.849333333333
"W2895391296","venue_new",402637,536.849333333333
"W2603201379","venue_new",402637,536.849333333333
"W4413210957","venue_new",402637,536.849333333333
"W3148012984","venue_new",402637,536.849333333333
"W3017073993","venue_new",402637,536.849333333333
"W4417039521","venue_new",402637,536.849333333333
"W4393257284","venue_new",402637,536.849333333333
"W4283754794","venue_new",402637,536.849333333333
"W4220927966","venue_new",402637,536.849333333333
"W4366452167","venue_new",402637,536.849333333333
"W2963257323","venue_new",402637,536.849333333333
"W2142896078","venue_new",402637,536.849333333333
"W2294724598","venue_new",402637,536.849333333333
"W2012442543","venue_new",402637,536.849333333333
"W4307964387","venue_new",402637,536.849333333333
"W2000278851","venue_new",402637,536.849333333333
"W4389675272","venue_new",402637,536.849333333333
"W2145052739","venue_new",402637,536.849333333333
"W2991439012","venue_new",402637,536.849333333333
"W4391332676","venue_new",402637,536.849333333333
"W4249298774","venue_new",402637,536.849333333333
"W4392404087","venue_new",402637,536.849333333333
"W1999853508","venue_new",402637,536.849333333333
"W4406394719","venue_new",402637,536.849333333333
"W4320518756","venue_new",402637,536.849333333333
"W2101975832","venue_new",402637,536.849333333333
"W2785785876","venue_new",402637,536.849333333333
"W2005993359","venue_new",402637,536.849333333333
"W4399634442","venue_new",402637,536.849333333333
"W2733671607","venue_new",402637,536.849333333333
"W4399126224","venue_new",402637,536.849333333333
"W4407901979","venue_new",402637,536.849333333333
"W4395046933","venue_new",402637,536.849333333333
"W4399502912","venue_new",402637,536.849333333333
"W2139227499","venue_new",402637,536.849333333333
"W4287092840","venue_new",402637,536.849333333333
"W4220872047","venue_new",402637,536.849333333333
"W2904868381","venue_new",402637,536.849333333333
"W3126477664","venue_new",402637,536.849333333333
"W2052452202","venue_new",402637,536.849333333333
"W4232726483","venue_new",402637,536.849333333333
"W4408242848","venue_new",402637,536.849333333333
"W2191930876","venue_new",402637,536.849333333333
"W2108043737","venue_new",402637,536.849333333333
"W4416371839","venue_new",402637,536.849333333333
"W4376132888","venue_new",402637,536.849333333333
"W2066627864","venue_new",402637,536.849333333333
"W4406532219","venue_new",402637,536.849333333333
"W3031398259","venue_new",402637,536.849333333333
"W4403238055","venue_new",402637,536.849333333333
"W4319864290","venue_new",402637,536.849333333333
"W2785229989","venue_new",402637,536.849333333333
"W176611749","venue_new",402637,536.849333333333
"W4406477125","venue_new",402637,536.849333333333
"W2095950504","venue_new",402637,536.849333333333
"W4390407704","venue_new",402637,536.849333333333
"W1994719745","venue_new",402637,536.849333333333
"W2393487253","venue_new",402637,536.849333333333
"W2947860003","venue_new",402637,536.849333333333
"W1971350603","venue_new",402637,536.849333333333
"W2938476848","venue_new",402637,536.849333333333
"W2797491912","venue_new",402637,536.849333333333
"W2136837426","venue_new",402637,536.849333333333
"W2954800586","venue_new",402637,536.849333333333
"W2116879809","venue_new",402637,536.849333333333
"W2154478539","venue_new",402637,536.849333333333
"W2169574256","venue_new",402637,536.849333333333
"W3196648881","venue_new",402637,536.849333333333
"W2805363735","venue_new",402637,536.849333333333
"W4415483957","venue_new",402637,536.849333333333
"W6992854740","venue_new",402637,536.849333333333
"W2105868231","venue_new",402637,536.849333333333
"W4412441452","venue_new",402637,536.849333333333
"W4248859361","venue_new",402637,536.849333333333
"W2811004523","venue_new",402637,536.849333333333
"W7065798801","venue_new",402637,536.849333333333
"W4406470948","venue_new",402637,536.849333333333
"W1590594782","venue_new",402637,536.849333333333
"W1972573044","venue_new",402637,536.849333333333
"W2769726216","venue_new",402637,536.849333333333
"W255062672","venue_new",402637,536.849333333333
"W2056144607","venue_new",402637,536.849333333333
"W4411656785","venue_new",402637,536.849333333333
"W4411230266","venue_new",402637,536.849333333333
"W4313120262","venue_new",402637,536.849333333333
"W4224228189","venue_new",402637,536.849333333333
"W2014927306","venue_new",402637,536.849333333333
"W4367155491","venue_new",402637,536.849333333333
"W198996171","venue_new",402637,536.849333333333
"W4416930627","venue_new",402637,536.849333333333
"W2031124885","venue_new",402637,536.849333333333
"W2988268791","venue_new",402637,536.849333333333
"W1785374533","venue_new",402637,536.849333333333
"W4391837877","venue_new",402637,536.849333333333
"W2121562008","venue_new",402637,536.849333333333
"W4231693825","venue_new",402637,536.849333333333
"W4411312196","venue_new",402637,536.849333333333
"W4414581285","venue_new",402637,536.849333333333
"W7164878835","venue_new",402637,536.849333333333
"W2146280162","venue_new",402637,536.849333333333
"W4399025998","venue_new",402637,536.849333333333
"W4406640562","venue_new",402637,536.849333333333
"W2529059106","venue_new",402637,536.849333333333
"W2557811152","venue_new",402637,536.849333333333
"W2396667257","venue_new",402637,536.849333333333
"W1481548424","venue_new",402637,536.849333333333
"W4367187716","venue_new",402637,536.849333333333
"W7048748368","venue_new",402637,536.849333333333
"W4409795006","venue_new",402637,536.849333333333
"W2419120360","venue_new",402637,536.849333333333
"W1996495437","venue_new",402637,536.849333333333
"W2942877808","venue_new",402637,536.849333333333
"W3197776788","venue_new",402637,536.849333333333
"W4387459817","venue_new",402637,536.849333333333
"W2165877787","venue_new",402637,536.849333333333
"W4312683226","venue_new",402637,536.849333333333
"W4412754834","venue_new",402637,536.849333333333
"W2771527454","venue_new",402637,536.849333333333
"W4415484043","venue_new",402637,536.849333333333
"W4367053689","venue_new",402637,536.849333333333
"W2033771896","venue_new",402637,536.849333333333
"W4386725503","venue_new",402637,536.849333333333
"W4323519197","venue_new",402637,536.849333333333
"W4243730185","venue_new",402637,536.849333333333
"W4319786205","venue_new",402637,536.849333333333
"W2527207001","venue_new",402637,536.849333333333
"W6983710911","venue_new",402637,536.849333333333
"W2340942692","venue_new",402637,536.849333333333
"W1020812587","venue_new",402637,536.849333333333
"W4406520568","venue_new",402637,536.849333333333
"W2219447492","venue_new",402637,536.849333333333
"W4365798836","venue_new",402637,536.849333333333
"W2469902568","venue_new",402637,536.849333333333
"W4247828943","venue_new",402637,536.849333333333
"W2915086660","venue_new",402637,536.849333333333
"W213296778","venue_new",402637,536.849333333333
"W2625928202","venue_new",402637,536.849333333333
"W2287465184","venue_new",402637,536.849333333333
"W2969383861","venue_new",402637,536.849333333333
"W2132142972","venue_new",402637,536.849333333333
"W3217372858","venue_new",402637,536.849333333333
"W3041788517","venue_new",402637,536.849333333333
"W1990801760","venue_new",402637,536.849333333333
"W2794185800","venue_new",402637,536.849333333333
"W4403975967","venue_new",402637,536.849333333333
"W4406428947","venue_new",402637,536.849333333333
"W4406655250","venue_new",402637,536.849333333333
"W2141092224","venue_new",402637,536.849333333333
"W768890582","venue_new",402637,536.849333333333
"W4394974919","venue_new",402637,536.849333333333
"W7045930795","venue_new",402637,536.849333333333
"W4312327246","venue_new",402637,536.849333333333
"W2127640939","venue_new",402637,536.849333333333
"W2019652018","venue_new",402637,536.849333333333
"W2081058279","venue_new",402637,536.849333333333
"W2460642928","venue_new",402637,536.849333333333
"W4246047968","venue_new",402637,536.849333333333
"W4225152649","venue_new",402637,536.849333333333
"W4390840249","venue_new",402637,536.849333333333
"W3110968339","venue_new",402637,536.849333333333
"W4386323230","venue_new",402637,536.849333333333
"W2162705251","venue_new",402637,536.849333333333
"W3039251715","venue_new",402637,536.849333333333
"W4397006031","venue_new",402637,536.849333333333
"W2246917403","venue_new",402637,536.849333333333
"W2100208070","venue_new",402637,536.849333333333
"W3096345356","venue_new",402637,536.849333333333
"W3041626583","venue_new",402637,536.849333333333
"W2976721211","venue_new",402637,536.849333333333
"W4409793601","venue_new",402637,536.849333333333
"W2606673616","venue_new",402637,536.849333333333
"W4411618025","venue_new",402637,536.849333333333
"W2038357002","venue_new",402637,536.849333333333
"W4410063151","venue_new",402637,536.849333333333
"W4403227191","venue_new",402637,536.849333333333
"W1852876457","venue_new",402637,536.849333333333
"W1567903862","venue_new",402637,536.849333333333
"W3125458026","venue_new",402637,536.849333333333
"W2319914154","venue_new",402637,536.849333333333
"W4408821158","venue_new",402637,536.849333333333
"W1549839306","venue_new",402637,536.849333333333
"W3205089027","venue_new",402637,536.849333333333
"W2170554633","venue_new",402637,536.849333333333
"W3206834739","venue_new",402637,536.849333333333
"W4376458578","venue_new",402637,536.849333333333
"W2156211980","venue_new",402637,536.849333333333
"W6982150480","venue_new",402637,536.849333333333
"W4211093970","venue_new",402637,536.849333333333
"W4392754491","venue_new",402637,536.849333333333
"W2041620114","venue_new",402637,536.849333333333
"W4309366244","venue_new",402637,536.849333333333
"W4231321879","venue_new",402637,536.849333333333
"W3006199157","venue_new",402637,536.849333333333
"W4251247492","venue_new",402637,536.849333333333
"W6999514870","venue_new",402637,536.849333333333
"W2596211639","venue_new",402637,536.849333333333
"W4406242645","venue_new",402637,536.849333333333
"W4200463171","venue_new",402637,536.849333333333
"W4224939629","venue_new",402637,536.849333333333
"W1933764499","venue_new",402637,536.849333333333
"W6948017142","venue_new",402637,536.849333333333
"W2795191602","venue_new",402637,536.849333333333
"W2730835723","venue_new",402637,536.849333333333
"W4293252833","venue_new",402637,536.849333333333
"W2893495142","venue_new",402637,536.849333333333
"W1994686593","venue_new",402637,536.849333333333
"W2600402980","venue_new",402637,536.849333333333
"W2784457224","venue_new",402637,536.849333333333
"W3104936069","venue_new",402637,536.849333333333
"W2043345499","venue_new",402637,536.849333333333
"W2565291409","venue_new",402637,536.849333333333
"W2961168636","venue_new",402637,536.849333333333
"W1986678837","venue_new",402637,536.849333333333
"W2801831528","venue_new",402637,536.849333333333
"W7164926655","venue_new",402637,536.849333333333
"W2171108389","venue_new",402637,536.849333333333
"W2126997884","venue_new",402637,536.849333333333
"W4413102241","venue_new",402637,536.849333333333
"W2015209547","venue_new",402637,536.849333333333
"W4380874557","venue_new",402637,536.849333333333
"W1972110834","venue_new",402637,536.849333333333
"W1560953817","venue_new",402637,536.849333333333
"W4402447685","venue_new",402637,536.849333333333
"W3202360224","venue_new",402637,536.849333333333
"W2374456247","venue_new",402637,536.849333333333
"W4250747152","venue_new",402637,536.849333333333
"W2110496654","venue_new",402637,536.849333333333
"W4304191898","venue_new",402637,536.849333333333
"W4385518960","venue_new",402637,536.849333333333
"W4238064851","venue_new",402637,536.849333333333
"W1853484828","venue_new",402637,536.849333333333
"W3128594088","venue_new",402637,536.849333333333
"W2962809234","venue_new",402637,536.849333333333
"W1964493139","venue_new",402637,536.849333333333
"W4238878866","venue_new",402637,536.849333333333
"W2769902251","venue_new",402637,536.849333333333
"W4396494749","venue_new",402637,536.849333333333
"W2047422573","venue_new",402637,536.849333333333
"W3008641171","venue_new",402637,536.849333333333
"W4406440615","venue_new",402637,536.849333333333
"W6884627219","venue_new",402637,536.849333333333
"W2018091286","venue_new",402637,536.849333333333
"W4411657518","venue_new",402637,536.849333333333
"W4408370115","venue_new",402637,536.849333333333
"W3173586783","venue_new",402637,536.849333333333
"W3176012781","venue_new",402637,536.849333333333
"W2746388033","venue_new",402637,536.849333333333
"W3144053723","venue_new",402637,536.849333333333
"W2784195351","venue_new",402637,536.849333333333
"W2756169793","venue_new",402637,536.849333333333
"W4391127510","venue_new",402637,536.849333333333
"W4406498053","venue_new",402637,536.849333333333
"W4384037194","venue_new",402637,536.849333333333
"W4412754856","venue_new",402637,536.849333333333
"W4412932030","venue_new",402637,536.849333333333
"W1547439061","venue_new",402637,536.849333333333
"W2211906112","venue_new",402637,536.849333333333
"W2313113763","venue_new",402637,536.849333333333
"W4399855826","venue_new",402637,536.849333333333
"W3190470331","venue_new",402637,536.849333333333
"W2784062204","venue_new",402637,536.849333333333
"W2108762527","venue_new",402637,536.849333333333
"W6888484399","venue_new",402637,536.849333333333
"W2993904829","venue_new",402637,536.849333333333
"W2072848250","venue_new",402637,536.849333333333
"W2334880232","venue_new",402637,536.849333333333
"W2378631186","venue_new",402637,536.849333333333
"W2040708602","venue_new",402637,536.849333333333
"W4406519524","venue_new",402637,536.849333333333
"W254730076","venue_new",402637,536.849333333333
"W4395077547","venue_new",402637,536.849333333333
"W2912219640","venue_new",402637,536.849333333333
"W1628010634","venue_new",402637,536.849333333333
"W2801444771","venue_new",402637,536.849333333333
"W2175161454","venue_new",402637,536.849333333333
"W2910191558","venue_new",402637,536.849333333333
"W2063076670","venue_new",402637,536.849333333333
"W2119386528","venue_new",402637,536.849333333333
"W2087124519","venue_new",402637,536.849333333333
"W2740248300","venue_new",402637,536.849333333333
"W1900294710","venue_new",402637,536.849333333333
"W4312191457","venue_new",402637,536.849333333333
"W2727646269","venue_new",402637,536.849333333333
"W4324137211","venue_new",402637,536.849333333333
"W2624636261","venue_new",402637,536.849333333333
"W4403293385","venue_new",402637,536.849333333333
"W4390122090","venue_new",402637,536.849333333333
"W2007163092","venue_new",402637,536.849333333333
"W99377882","venue_new",402637,536.849333333333
"W4315628674","venue_new",402637,536.849333333333
"W1886801344","venue_new",402637,536.849333333333
"W2145210731","venue_new",402637,536.849333333333
"W2595050339","venue_new",402637,536.849333333333
"W1501043051","venue_new",402637,536.849333333333
"W2397458166","venue_new",402637,536.849333333333
"W273780489","venue_new",402637,536.849333333333
"W2729393365","venue_new",402637,536.849333333333
"W3120941050","venue_new",402637,536.849333333333
"W3123608033","venue_new",402637,536.849333333333
"W2339189374","venue_new",402637,536.849333333333
"W7133213231","venue_new",402637,536.849333333333
"W2106922375","venue_new",402637,536.849333333333
"W1860596562","venue_new",402637,536.849333333333
"W2950526081","venue_new",402637,536.849333333333
"W326324506","venue_new",402637,536.849333333333
"W1599137060","venue_new",402637,536.849333333333
"W4391027447","venue_new",402637,536.849333333333
"W4364377659","venue_new",402637,536.849333333333
"W4406675031","venue_new",402637,536.849333333333
"W4313497746","venue_new",402637,536.849333333333
"W3123233416","venue_new",402637,536.849333333333
"W4408378575","venue_new",402637,536.849333333333
"W1977245803","venue_new",402637,536.849333333333
"W4406428317","venue_new",402637,536.849333333333
"W4307748176","venue_new",402637,536.849333333333
"W4417241113","venue_new",402637,536.849333333333
"W4321368703","venue_new",402637,536.849333333333
"W4235862764","venue_new",402637,536.849333333333
"W3202305172","venue_new",402637,536.849333333333
"W4395018595","venue_new",402637,536.849333333333
"W4241077486","venue_new",402637,536.849333333333
"W2917932941","venue_new",402637,536.849333333333
"W2565700930","venue_new",402637,536.849333333333
"W4406585367","venue_new",402637,536.849333333333
"W1987117465","venue_new",402637,536.849333333333
"W4390336307","venue_new",402637,536.849333333333
"W2049417164","venue_new",402637,536.849333333333
"W4408717695","venue_new",402637,536.849333333333
"W3113604289","venue_new",402637,536.849333333333
"W1979790888","venue_new",402637,536.849333333333
"W4406392903","venue_new",402637,536.849333333333
"W2036079456","venue_new",402637,536.849333333333
"W3116324960","venue_new",402637,536.849333333333
"W2023362736","venue_new",402637,536.849333333333
"W2145836296","venue_new",402637,536.849333333333
"W2131076818","venue_new",402637,536.849333333333
"W4242219084","venue_new",402637,536.849333333333
"W2151403133","venue_new",402637,536.849333333333
"W2332924055","venue_new",402637,536.849333333333
"W1965748901","venue_new",402637,536.849333333333
"W4238825643","venue_new",402637,536.849333333333
"W2235095339","venue_new",402637,536.849333333333
"W4406519272","venue_new",402637,536.849333333333
"W4249064981","venue_new",402637,536.849333333333
"W3020914750","venue_new",402637,536.849333333333
"W4248394707","venue_new",402637,536.849333333333
"W2122212394","venue_new",402637,536.849333333333
"W4406582078","venue_new",402637,536.849333333333
"W2591996574","venue_new",402637,536.849333333333
"W2090872636","venue_new",402637,536.849333333333
"W1629801733","venue_new",402637,536.849333333333
"W1963918672","venue_new",402637,536.849333333333
"W4385732895","venue_new",402637,536.849333333333
"W1988162261","venue_new",402637,536.849333333333
"W4240738183","venue_new",402637,536.849333333333
"W3216041009","venue_new",402637,536.849333333333
"W1517144555","venue_new",402637,536.849333333333
"W2018009824","venue_new",402637,536.849333333333
"W4403788255","venue_new",402637,536.849333333333
"W4406574615","venue_new",402637,536.849333333333
"W2758558783","venue_new",402637,536.849333333333
"W4391475974","venue_new",402637,536.849333333333
"W2091269722","venue_new",402637,536.849333333333
"W1974308779","venue_new",402637,536.849333333333
"W2147125665","venue_new",402637,536.849333333333
"W3196558450","venue_new",402637,536.849333333333
"W2749146384","venue_new",402637,536.849333333333
"W2261238979","venue_new",402637,536.849333333333
"W4414187820","venue_new",402637,536.849333333333
"W2054204499","venue_new",402637,536.849333333333
"W4318829858","venue_new",402637,536.849333333333
"W4200530461","venue_new",402637,536.849333333333
"W3047517834","venue_new",402637,536.849333333333
"W2130210061","venue_new",402637,536.849333333333
"W4410513204","venue_new",402637,536.849333333333
"W4400699779","venue_new",402637,536.849333333333
"W2809434005","venue_new",402637,536.849333333333
"W4206056726","venue_new",402637,536.849333333333
"W7164888589","venue_new",402637,536.849333333333
"W2130469822","venue_new",402637,536.849333333333
"W2027989462","venue_new",402637,536.849333333333
"W4406399306","venue_new",402637,536.849333333333
"W2791398510","venue_new",402637,536.849333333333
"W4377832624","venue_new",402637,536.849333333333
"W1507830368","venue_new",402637,536.849333333333
"W2964115885","venue_new",402637,536.849333333333
"W4408256222","venue_new",402637,536.849333333333
"W2173670877","venue_new",402637,536.849333333333
"W3043470214","venue_new",402637,536.849333333333
"W4386739045","venue_new",402637,536.849333333333
"W2098204566","venue_new",402637,536.849333333333
"W2026031395","venue_new",402637,536.849333333333
"W2055294280","venue_new",402637,536.849333333333
"W1494512980","venue_new",402637,536.849333333333
"W2942536995","venue_new",402637,536.849333333333
"W4400614489","venue_new",402637,536.849333333333
"W2975271437","venue_new",402637,536.849333333333
"W4240205727","venue_new",402637,536.849333333333
"W3183585634","venue_new",402637,536.849333333333
"W4253457385","venue_new",402637,536.849333333333
"W2056152011","venue_new",402637,536.849333333333
"W3216996509","venue_new",402637,536.849333333333
"W4212847923","venue_new",402637,536.849333333333
"W35804612","venue_new",402637,536.849333333333
"W4400779800","venue_new",402637,536.849333333333
"W4383621127","venue_new",402637,536.849333333333
"W2301910498","venue_new",402637,536.849333333333
"W2131157224","venue_new",402637,536.849333333333
"W3209749168","venue_new",402637,536.849333333333
"W1975562724","venue_new",402637,536.849333333333
"W7057112089","venue_new",402637,536.849333333333
"W2543932101","venue_new",402637,536.849333333333
"W4236369125","venue_new",402637,536.849333333333
"W4408962963","venue_new",402637,536.849333333333
"W2979456666","venue_new",402637,536.849333333333
"W1992706798","venue_new",402637,536.849333333333
"W4388496547","venue_new",402637,536.849333333333
"W2327504555","venue_new",402637,536.849333333333
"W4406480540","venue_new",402637,536.849333333333
"W2112962430","venue_new",402637,536.849333333333
"W3202350924","venue_new",402637,536.849333333333
"W4403989300","venue_new",402637,536.849333333333
"W4313787328","venue_new",402637,536.849333333333
"W4404060536","venue_new",402637,536.849333333333
"W4404470549","venue_new",402637,536.849333333333
"W4406478790","venue_new",402637,536.849333333333
"W2088192874","venue_new",402637,536.849333333333
"W2293825699","venue_new",402637,536.849333333333
"W4220794838","venue_new",402637,536.849333333333
"W2287756900","venue_new",402637,536.849333333333
"W4388265514","venue_new",402637,536.849333333333
"W2322153589","venue_new",402637,536.849333333333
"W2093035092","venue_new",402637,536.849333333333
"W974993624","venue_new",402637,536.849333333333
"W2157808852","venue_new",402637,536.849333333333
"W85721533","venue_new",402637,536.849333333333
"W2314768549","venue_new",402637,536.849333333333
"W3109207274","venue_new",402637,536.849333333333
"W4406514329","venue_new",402637,536.849333333333
"W3158394080","venue_new",402637,536.849333333333
"W2989757082","venue_new",402637,536.849333333333
"W4312980566","venue_new",402637,536.849333333333
"W4247173598","venue_new",402637,536.849333333333
"W2077775238","venue_new",402637,536.849333333333
"W4401835829","venue_new",402637,536.849333333333
"W4406542046","venue_new",402637,536.849333333333
"W2121355003","venue_new",402637,536.849333333333
"W7010799755","venue_new",402637,536.849333333333
"W2410816336","venue_new",402637,536.849333333333
"W2799324417","venue_new",402637,536.849333333333
"W4293843177","venue_new",402637,536.849333333333
"W2123309104","venue_new",402637,536.849333333333
"W1991672167","venue_new",402637,536.849333333333
"W3000268638","venue_new",402637,536.849333333333
"W3088117078","venue_new",402637,536.849333333333
"W3121644552","venue_new",402637,536.849333333333
"W2094982968","venue_new",402637,536.849333333333
"W2083663414","venue_new",402637,536.849333333333
"W3100195182","venue_new",402637,536.849333333333
"W4406501511","venue_new",402637,536.849333333333
"W2612245598","venue_new",402637,536.849333333333
"W3136260201","venue_new",402637,536.849333333333
"W4251280757","venue_new",402637,536.849333333333
"W2417720093","venue_new",402637,536.849333333333
"W4366569673","venue_new",402637,536.849333333333
"W4317393278","venue_new",402637,536.849333333333
"W2163062456","venue_new",402637,536.849333333333
"W4409985693","venue_new",402637,536.849333333333
"W638398615","venue_new",402637,536.849333333333
"W7164929460","venue_new",402637,536.849333333333
"W4244001285","venue_new",402637,536.849333333333
"W2093801487","venue_new",402637,536.849333333333
"W3114893294","venue_new",402637,536.849333333333
"W4389782484","venue_new",402637,536.849333333333
"W2604224834","venue_new",402637,536.849333333333
"W1497795079","venue_new",402637,536.849333333333
"W2083332673","venue_new",402637,536.849333333333
"W1596686375","venue_new",402637,536.849333333333
"W2104815409","venue_new",402637,536.849333333333
"W4387367110","venue_new",402637,536.849333333333
"W2560232845","venue_new",402637,536.849333333333
"W4240810643","venue_new",402637,536.849333333333
"W4239704798","venue_new",402637,536.849333333333
"W4387053712","venue_new",402637,536.849333333333
"W4406396494","venue_new",402637,536.849333333333
"W4411656960","venue_new",402637,536.849333333333
"W2523965477","venue_new",402637,536.849333333333
"W1990450340","venue_new",402637,536.849333333333
"W4244708064","venue_new",402637,536.849333333333
"W2909380231","venue_new",402637,536.849333333333
"W2128847823","venue_new",402637,536.849333333333
"W1943294318","venue_new",402637,536.849333333333
"W3089110923","venue_new",402637,536.849333333333
"W2552661332","venue_new",402637,536.849333333333
"W2626337733","venue_new",402637,536.849333333333
"W1661346537","venue_new",402637,536.849333333333
"W2945477632","venue_new",402637,536.849333333333
"W4411265386","venue_new",402637,536.849333333333
"W2151618124","venue_new",402637,536.849333333333
"W4406507403","venue_new",402637,536.849333333333
"W6998509445","venue_new",402637,536.849333333333
"W1893249250","venue_new",402637,536.849333333333
"W2212237073","venue_new",402637,536.849333333333
"W2093589406","venue_new",402637,536.849333333333
"W2763096965","venue_new",402637,536.849333333333
"W2552041352","venue_new",402637,536.849333333333
"W3048700580","venue_new",402637,536.849333333333
"W2724298860","venue_new",402637,536.849333333333
"W2037291201","venue_new",402637,536.849333333333
"W7164911738","venue_new",402637,536.849333333333
"W2406211933","venue_new",402637,536.849333333333
"W4366083921","venue_new",402637,536.849333333333
"W4360789371","venue_new",402637,536.849333333333
"W1603048844","venue_new",402637,536.849333333333
"W2054909235","venue_new",402637,536.849333333333
"W1702857894","venue_new",402637,536.849333333333
"W2770666488","venue_new",402637,536.849333333333
"W4406650081","venue_new",402637,536.849333333333
"W7164481333","venue_new",402637,536.849333333333
"W2098181948","venue_new",402637,536.849333333333
"W4399702663","venue_new",402637,536.849333333333
"W4307794499","venue_new",402637,536.849333333333
"W2115828874","venue_new",402637,536.849333333333
"W4406585769","venue_new",402637,536.849333333333
"W4323352788","venue_new",402637,536.849333333333
"W2994163914","venue_new",402637,536.849333333333
"W3216091132","venue_new",402637,536.849333333333
"W2147160327","venue_new",402637,536.849333333333
"W2944819831","venue_new",402637,536.849333333333
"W2784084551","venue_new",402637,536.849333333333
"W4413993759","fund_new",167890,335.78
"W2990700256","fund_new",167890,335.78
"W4413417894","fund_new",167890,335.78
"W3000035810","fund_new",167890,335.78
"W1956266937","fund_new",167890,335.78
"W4223528634","fund_new",167890,335.78
"W7009533353","fund_new",167890,335.78
"W6926095288","fund_new",167890,335.78
"W4415090297","fund_new",167890,335.78
"W2086202199","fund_new",167890,335.78
"W2414157519","fund_new",167890,335.78
"W2916935088","fund_new",167890,335.78
"W4308811026","fund_new",167890,335.78
"W4415155295","fund_new",167890,335.78
"W2142956613","fund_new",167890,335.78
"W1966246090","fund_new",167890,335.78
"W4376653693","fund_new",167890,335.78
"W4401202959","fund_new",167890,335.78
"W4402099961","fund_new",167890,335.78
"W2115344563","fund_new",167890,335.78
"W1972491078","fund_new",167890,335.78
"W4220707914","fund_new",167890,335.78
"W2089779608","fund_new",167890,335.78
"W4389621900","fund_new",167890,335.78
"W7032939368","fund_new",167890,335.78
"W2894306631","fund_new",167890,335.78
"W2784801814","fund_new",167890,335.78
"W4411573839","fund_new",167890,335.78
"W4312554799","fund_new",167890,335.78
"W6987358208","fund_new",167890,335.78
"W2052931234","fund_new",167890,335.78
"W4380989393","fund_new",167890,335.78
"W2889271396","fund_new",167890,335.78
"W2980712224","fund_new",167890,335.78
"W2810530720","fund_new",167890,335.78
"W2139196484","fund_new",167890,335.78
"W4410489399","fund_new",167890,335.78
"W7033856201","fund_new",167890,335.78
"W2089468557","fund_new",167890,335.78
"W4399416840","fund_new",167890,335.78
"W1992419413","fund_new",167890,335.78
"W4399325400","fund_new",167890,335.78
"W3176735787","fund_new",167890,335.78
"W3127287346","fund_new",167890,335.78
"W2003806252","fund_new",167890,335.78
"W2782361381","fund_new",167890,335.78
"W4403794801","fund_new",167890,335.78
"W7000974953","fund_new",167890,335.78
"W2570093446","fund_new",167890,335.78
"W3019060512","fund_new",167890,335.78
"W2976428202","fund_new",167890,335.78
"W2771544222","fund_new",167890,335.78
"W2988991979","fund_new",167890,335.78
"W3118728680","fund_new",167890,335.78
"W2105246013","fund_new",167890,335.78
"W2000703690","fund_new",167890,335.78
"W3172452491","fund_new",167890,335.78
"W3129760219","fund_new",167890,335.78
"W2118687986","fund_new",167890,335.78
"W2146993141","fund_new",167890,335.78
"W2048992061","fund_new",167890,335.78
"W2806204859","fund_new",167890,335.78
"W2476325860","fund_new",167890,335.78
"W7009328258","fund_new",167890,335.78
"W7130254359","fund_new",167890,335.78
"W2602143726","fund_new",167890,335.78
"W4413352301","fund_new",167890,335.78
"W4378800459","fund_new",167890,335.78
"W3019949353","fund_new",167890,335.78
"W2967285509","fund_new",167890,335.78
"W4416762761","fund_new",167890,335.78
"W1991534883","fund_new",167890,335.78
"W2020780225","fund_new",167890,335.78
"W4407755131","fund_new",167890,335.78
"W2044147924","fund_new",167890,335.78
"W2034747081","fund_new",167890,335.78
"W2915318630","fund_new",167890,335.78
"W4407301343","fund_new",167890,335.78
"W7042974686","fund_new",167890,335.78
"W7024158534","fund_new",167890,335.78
"W2157950377","fund_new",167890,335.78
"W4200632222","fund_new",167890,335.78
"W2407523666","fund_new",167890,335.78
"W2006871610","fund_new",167890,335.78
"W4298329735","fund_new",167890,335.78
"W2970957811","fund_new",167890,335.78
"W7042417706","fund_new",167890,335.78
"W4412821009","fund_new",167890,335.78
"W2107334741","fund_new",167890,335.78
"W4405256420","fund_new",167890,335.78
"W3042886774","fund_new",167890,335.78
"W2066256802","fund_new",167890,335.78
"W1786380341","fund_new",167890,335.78
"W7009766259","fund_new",167890,335.78
"W7132940228","fund_new",167890,335.78
"W1529346275","fund_new",167890,335.78
"W3000341390","fund_new",167890,335.78
"W3196962123","fund_new",167890,335.78
"W7073735857","fund_new",167890,335.78
"W6986356256","fund_new",167890,335.78
"W3029342063","fund_new",167890,335.78
"W4390718992","fund_new",167890,335.78
"W2552608258","fund_new",167890,335.78
"W7042310095","fund_new",167890,335.78
"W4388835558","fund_new",167890,335.78
"W1992979510","fund_new",167890,335.78
"W2254501236","fund_new",167890,335.78
"W3133536575","fund_new",167890,335.78
"W2054795083","fund_new",167890,335.78
"W3145338206","fund_new",167890,335.78
"W2981914853","fund_new",167890,335.78
"W2138363765","fund_new",167890,335.78
"W4414283297","fund_new",167890,335.78
"W2050045774","fund_new",167890,335.78
"W2773629397","fund_new",167890,335.78
"W4401508135","fund_new",167890,335.78
"W4377121328","fund_new",167890,335.78
"W2107359108","fund_new",167890,335.78
"W4403357108","fund_new",167890,335.78
"W3177136815","fund_new",167890,335.78
"W3210883651","fund_new",167890,335.78
"W3046279306","fund_new",167890,335.78
"W2087108427","fund_new",167890,335.78
"W3045913796","fund_new",167890,335.78
"W4413292245","fund_new",167890,335.78
"W4410486181","fund_new",167890,335.78
"W7029237261","fund_new",167890,335.78
"W4311732840","fund_new",167890,335.78
"W2897766190","fund_new",167890,335.78
"W6987346448","fund_new",167890,335.78
"W1979737405","fund_new",167890,335.78
"W7146891088","fund_new",167890,335.78
"W2161941484","fund_new",167890,335.78
"W2034047631","fund_new",167890,335.78
"W2999219866","fund_new",167890,335.78
"W2078942140","fund_new",167890,335.78
"W2791784072","fund_new",167890,335.78
"W7092178528","fund_new",167890,335.78
"W2099491566","fund_new",167890,335.78
"W2590116164","fund_new",167890,335.78
"W4392232896","fund_new",167890,335.78
"W2333309511","fund_new",167890,335.78
"W4388485322","fund_new",167890,335.78
"W2017747384","fund_new",167890,335.78
"W6992722247","fund_new",167890,335.78
"W2127056538","fund_new",167890,335.78
"W2964849557","fund_new",167890,335.78
"W1973086789","fund_new",167890,335.78
"W6980660683","fund_new",167890,335.78
"W7009801574","fund_new",167890,335.78
"W3041400917","fund_new",167890,335.78
"W1999893542","fund_new",167890,335.78
"W2766577090","fund_new",167890,335.78
"W2181676853","fund_new",167890,335.78
"W2760001746","fund_new",167890,335.78
"W4284885072","fund_new",167890,335.78
"W4385774984","fund_new",167890,335.78
"W2984666471","fund_new",167890,335.78
"W2085499654","fund_new",167890,335.78
"W1910217976","fund_new",167890,335.78
"W2116538325","fund_new",167890,335.78
"W2941184003","fund_new",167890,335.78
"W2147730336","fund_new",167890,335.78
"W6903440140","fund_new",167890,335.78
"W6959676966","fund_new",167890,335.78
"W4386301952","fund_new",167890,335.78
"W3150797337","fund_new",167890,335.78
"W2015956103","fund_new",167890,335.78
"W4392337973","fund_new",167890,335.78
"W2966033121","fund_new",167890,335.78
"W3157452521","fund_new",167890,335.78
"W4386460268","fund_new",167890,335.78
"W4210659847","fund_new",167890,335.78
"W2153757228","fund_new",167890,335.78
"W4401510516","fund_new",167890,335.78
"W7065469476","fund_new",167890,335.78
"W2060088041","fund_new",167890,335.78
"W6987423253","fund_new",167890,335.78
"W4404422782","fund_new",167890,335.78
"W2562468229","fund_new",167890,335.78
"W4317951747","fund_new",167890,335.78
"W2960695168","fund_new",167890,335.78
"W2765399136","fund_new",167890,335.78
"W4392222096","fund_new",167890,335.78
"W3131579410","fund_new",167890,335.78
"W4386977249","fund_new",167890,335.78
"W4212935490","fund_new",167890,335.78
"W6981922907","fund_new",167890,335.78
"W2045911618","fund_new",167890,335.78
"W7115000040","fund_new",167890,335.78
"W1984294974","fund_new",167890,335.78
"W2172197673","fund_new",167890,335.78
"W3132046277","fund_new",167890,335.78
"W1990608281","fund_new",167890,335.78
"W4391275755","fund_new",167890,335.78
"W3197654966","fund_new",167890,335.78
"W4413401974","fund_new",167890,335.78
"W2921891755","fund_new",167890,335.78
"W4229739920","fund_new",167890,335.78
"W4402337808","fund_new",167890,335.78
"W4384500426","fund_new",167890,335.78
"W4402840987","fund_new",167890,335.78
"W2130169104","fund_new",167890,335.78
"W133122769","fund_new",167890,335.78
"W4413306205","fund_new",167890,335.78
"W2581624817","fund_new",167890,335.78
"W2087105456","fund_new",167890,335.78
"W4392090127","fund_new",167890,335.78
"W3120996505","fund_new",167890,335.78
"W4387559162","fund_new",167890,335.78
"W4413301132","fund_new",167890,335.78
"W4392325599","fund_new",167890,335.78
"W2806906455","fund_new",167890,335.78
"W2140552635","fund_new",167890,335.78
"W2169447816","fund_new",167890,335.78
"W4220951997","fund_new",167890,335.78
"W7046470851","fund_new",167890,335.78
"W4308460996","fund_new",167890,335.78
"W4410918184","fund_new",167890,335.78
"W3127419408","fund_new",167890,335.78
"W7029422977","fund_new",167890,335.78
"W7115030836","fund_new",167890,335.78
"W3156343925","fund_new",167890,335.78
"W6959761709","fund_new",167890,335.78
"W4407207698","fund_new",167890,335.78
"W6980032904","fund_new",167890,335.78
"W4411079442","fund_new",167890,335.78
"W7071407836","fund_new",167890,335.78
"W1936333568","fund_new",167890,335.78
"W4402346764","fund_new",167890,335.78
"W4403281573","fund_new",167890,335.78
"W4225271213","fund_new",167890,335.78
"W3006192622","fund_new",167890,335.78
"W4388926312","fund_new",167890,335.78
"W4403159842","fund_new",167890,335.78
"W3122478978","fund_new",167890,335.78
"W2605018835","fund_new",167890,335.78
"W2036763650","fund_new",167890,335.78
"W4223545689","fund_new",167890,335.78
"W6996670973","fund_new",167890,335.78
"W2793520355","fund_new",167890,335.78
"W7017383649","fund_new",167890,335.78
"W3010204323","fund_new",167890,335.78
"W6981311606","fund_new",167890,335.78
"W4308381477","fund_new",167890,335.78
"W2114668588","fund_new",167890,335.78
"W2015551314","fund_new",167890,335.78
"W1964144425","fund_new",167890,335.78
"W4402571039","fund_new",167890,335.78
"W4200209477","fund_new",167890,335.78
"W7072386627","fund_new",167890,335.78
"W7011918915","fund_new",167890,335.78
"W2038665119","fund_new",167890,335.78
"W2036516395","fund_new",167890,335.78
"W31962135","fund_new",167890,335.78
"W2031116617","fund_new",167890,335.78
"W2800879685","fund_new",167890,335.78
"W2057685604","fund_new",167890,335.78
"W7134097083","fund_new",167890,335.78
"W2033966998","fund_new",167890,335.78
"W3009062903","fund_new",167890,335.78
"W7028062754","fund_new",167890,335.78
"W2908002252","fund_new",167890,335.78
"W3004874727","fund_new",167890,335.78
"W2891105981","fund_new",167890,335.78
"W4206408059","fund_new",167890,335.78
"W2160167924","fund_new",167890,335.78
"W2604704083","fund_new",167890,335.78
"W2047001514","fund_new",167890,335.78
"W2055071444","fund_new",167890,335.78
"W1924457398","fund_new",167890,335.78
"W3047505517","fund_new",167890,335.78
"W2335511322","fund_new",167890,335.78
"W7006075562","fund_new",167890,335.78
"W4387781475","fund_new",167890,335.78
"W4280604825","fund_new",167890,335.78
"W4386772905","fund_new",167890,335.78
"W2794856460","fund_new",167890,335.78
"W1970193084","fund_new",167890,335.78
"W4393952434","fund_new",167890,335.78
"W1907664318","fund_new",167890,335.78
"W1977841744","fund_new",167890,335.78
"W1996856386","fund_new",167890,335.78
"W2125344629","fund_new",167890,335.78
"W4393248174","fund_new",167890,335.78
"W1950010039","fund_new",167890,335.78
"W2565308581","fund_new",167890,335.78
"W7115040870","fund_new",167890,335.78
"W2550781557","fund_new",167890,335.78
"W1970025484","fund_new",167890,335.78
"W4289847450","fund_new",167890,335.78
"W3132228168","fund_new",167890,335.78
"W2127217027","fund_new",167890,335.78
"W24266945","fund_new",167890,335.78
"W1531172582","fund_new",167890,335.78
"W4406725186","fund_new",167890,335.78
"W3113011897","fund_new",167890,335.78
"W3210223176","fund_new",167890,335.78
"W7015416158","fund_new",167890,335.78
"W4200619411","fund_new",167890,335.78
"W4291414600","fund_new",167890,335.78
"W4412368960","fund_new",167890,335.78
"W6991555914","fund_new",167890,335.78
"W4391131929","fund_new",167890,335.78
"W4283693384","fund_new",167890,335.78
"W2075552475","fund_new",167890,335.78
"W2201852180","fund_new",167890,335.78
"W4367320824","fund_new",167890,335.78
"W1987997758","fund_new",167890,335.78
"W2944721374","fund_new",167890,335.78
"W2407055687","fund_new",167890,335.78
"W7047317631","fund_new",167890,335.78
"W2010604749","fund_new",167890,335.78
"W2162561139","fund_new",167890,335.78
"W2150240420","fund_new",167890,335.78
"W2141012860","fund_new",167890,335.78
"W4380203237","fund_new",167890,335.78
"W4403902487","fund_new",167890,335.78
"W2014431913","fund_new",167890,335.78
"W2002767416","fund_new",167890,335.78
"W2072784746","fund_new",167890,335.78
"W1918288470","fund_new",167890,335.78
"W4402277205","fund_new",167890,335.78
"W7064743357","fund_new",167890,335.78
"W2908098933","fund_new",167890,335.78
"W4387357130","fund_new",167890,335.78
"W4393110873","fund_new",167890,335.78
"W4416931217","fund_new",167890,335.78
"W7042972194","fund_new",167890,335.78
"W2180359111","fund_new",167890,335.78
"W4390961899","fund_new",167890,335.78
"W2171461786","fund_new",167890,335.78
"W4372191548","fund_new",167890,335.78
"W4221011693","fund_new",167890,335.78
"W7001955744","fund_new",167890,335.78
"W3128527220","fund_new",167890,335.78
"W3039273394","fund_new",167890,335.78
"W6884649866","fund_new",167890,335.78
"W1516151904","fund_new",167890,335.78
"W2787346124","fund_new",167890,335.78
"W2045228918","fund_new",167890,335.78
"W7011656420","fund_new",167890,335.78
"W7033985921","fund_new",167890,335.78
"W4392344509","fund_new",167890,335.78
"W2002643775","fund_new",167890,335.78
"W7056487184","fund_new",167890,335.78
"W4390827714","fund_new",167890,335.78
"W4367677156","fund_new",167890,335.78
"W2766729121","fund_new",167890,335.78
"W3204012187","fund_new",167890,335.78
"W4390765823","fund_new",167890,335.78
"W4404747726","fund_new",167890,335.78
"W3215307146","fund_new",167890,335.78
"W1991841530","fund_new",167890,335.78
"W7015589614","fund_new",167890,335.78
"W2101672031","fund_new",167890,335.78
"W3152290077","fund_new",167890,335.78
"W4224938342","fund_new",167890,335.78
"W2077438793","fund_new",167890,335.78
"W4386248396","fund_new",167890,335.78
"W4406022753","fund_new",167890,335.78
"W2770051348","fund_new",167890,335.78
"W4408452506","fund_new",167890,335.78
"W824173217","fund_new",167890,335.78
"W4390690159","fund_new",167890,335.78
"W1778915173","fund_new",167890,335.78
"W1985062481","fund_new",167890,335.78
"W2018637969","fund_new",167890,335.78
"W3011247859","fund_new",167890,335.78
"W2067113873","fund_new",167890,335.78
"W4200586987","fund_new",167890,335.78
"W2946644581","fund_new",167890,335.78
"W2945040420","fund_new",167890,335.78
"W4396568419","fund_new",167890,335.78
"W2150365343","fund_new",167890,335.78
"W2953595023","fund_new",167890,335.78
"W4379540226","fund_new",167890,335.78
"W2952119492","fund_new",167890,335.78
"W1985639710","fund_new",167890,335.78
"W2084727960","fund_new",167890,335.78
"W3169348112","fund_new",167890,335.78
"W4232448322","fund_new",167890,335.78
"W7078326570","fund_new",167890,335.78
"W3216053749","fund_new",167890,335.78
"W2149403861","fund_new",167890,335.78
"W4220852314","fund_new",167890,335.78
"W3204169461","fund_new",167890,335.78
"W2793812700","fund_new",167890,335.78
"W4226334868","fund_new",167890,335.78
"W2997046287","fund_new",167890,335.78
"W2223022058","fund_new",167890,335.78
"W7015957698","fund_new",167890,335.78
"W4289774540","fund_new",167890,335.78
"W6982034070","fund_new",167890,335.78
"W2078350655","fund_new",167890,335.78
"W2031380784","fund_new",167890,335.78
"W35654690","fund_new",167890,335.78
"W2076080134","fund_new",167890,335.78
"W4386189649","fund_new",167890,335.78
"W6983446143","fund_new",167890,335.78
"W2161903268","fund_new",167890,335.78
"W2199876201","fund_new",167890,335.78
"W2097435284","fund_new",167890,335.78
"W6999371098","fund_new",167890,335.78
"W2068432925","fund_new",167890,335.78
"W2238758434","fund_new",167890,335.78
"W4405348732","fund_new",167890,335.78
"W6903407862","fund_new",167890,335.78
"W2007712551","fund_new",167890,335.78
"W1834683679","fund_new",167890,335.78
"W4408690724","fund_new",167890,335.78
"W1871929648","fund_new",167890,335.78
"W2951131190","fund_new",167890,335.78
"W4388905311","fund_new",167890,335.78
"W1996486047","fund_new",167890,335.78
"W2946392636","fund_new",167890,335.78
"W6911118863","fund_new",167890,335.78
"W7005958473","fund_new",167890,335.78
"W2624901895","fund_new",167890,335.78
"W17386636","fund_new",167890,335.78
"W7091187777","fund_new",167890,335.78
"W3095527410","fund_new",167890,335.78
"W1993469168","fund_new",167890,335.78
"W3023240913","fund_new",167890,335.78
"W1974588105","fund_new",167890,335.78
"W4224276948","fund_new",167890,335.78
"W7064957517","fund_new",167890,335.78
"W6998595660","fund_new",167890,335.78
"W1999780888","fund_new",167890,335.78
"W2400895528","fund_new",167890,335.78
"W2599980617","fund_new",167890,335.78
"W4411958489","fund_new",167890,335.78
"W4388293490","fund_new",167890,335.78
"W2780482424","fund_new",167890,335.78
"W4214684372","fund_new",167890,335.78
"W3198808898","fund_new",167890,335.78
"W4392292986","fund_new",167890,335.78
"W2548394865","fund_new",167890,335.78
"W2139524347","fund_new",167890,335.78
"W3134578935","fund_new",167890,335.78
"W3201196691","fund_new",167890,335.78
"W3206000130","fund_new",167890,335.78
"W4400296916","fund_new",167890,335.78
"W2050714109","fund_new",167890,335.78
"W2766840380","fund_new",167890,335.78
"W4404190022","fund_new",167890,335.78
"W2038663674","fund_new",167890,335.78
"W3047096951","fund_new",167890,335.78
"W6989597052","fund_new",167890,335.78
"W1984557677","fund_new",167890,335.78
"W2769895972","fund_new",167890,335.78
"W7006604205","fund_new",167890,335.78
"W1995198730","fund_new",167890,335.78
"W2062491099","fund_new",167890,335.78
"W1976670550","fund_new",167890,335.78
"W4392163733","fund_new",167890,335.78
"W3033465268","fund_new",167890,335.78
"W973821709","fund_new",167890,335.78
"W4414760420","fund_new",167890,335.78
"W3102478628","fund_new",167890,335.78
"W4416723008","fund_new",167890,335.78
"W4402231499","fund_new",167890,335.78
"W2494965242","fund_new",167890,335.78
"W2031265159","fund_new",167890,335.78
"W3205148898","fund_new",167890,335.78
"W4240783547","fund_new",167890,335.78
"W2920856460","fund_new",167890,335.78
"W4281401039","fund_new",167890,335.78
"W4283791036","fund_new",167890,335.78
"W2119649830","fund_new",167890,335.78
"W4200023374","fund_new",167890,335.78
"W1971156133","fund_new",167890,335.78
"W4387413412","fund_new",167890,335.78
"W4409858149","fund_new",167890,335.78
"W2370728384","fund_new",167890,335.78
"W83605570","fund_new",167890,335.78
"W182630847","fund_new",167890,335.78
"W7011357722","fund_new",167890,335.78
"W3142357617","fund_new",167890,335.78
"W4404258311","fund_new",167890,335.78
"W3131327687","fund_new",167890,335.78
"W4407386249","fund_new",167890,335.78
"W4213273432","fund_new",167890,335.78
"W3199425415","fund_new",167890,335.78
"W3186370141","fund_new",167890,335.78
"W2278619766","fund_new",167890,335.78
"W2032767833","fund_new",167890,335.78
"W4308099607","fund_new",167890,335.78
"W2082940526","fund_new",167890,335.78
"W2565129737","fund_new",167890,335.78
"W2013308243","fund_new",167890,335.78
"W4246691629","fund_new",167890,335.78
"W27258786","fund_new",167890,335.78
"W4391430175","fund_new",167890,335.78
"W4296163195","fund_new",167890,335.78
"W2966540064","fund_new",167890,335.78
"W2524166092","fund_new",167890,335.78
"W4414946863","fund_new",167890,335.78
"W2810354483","fund_new",167890,335.78
"W1805093872","fund_new",167890,335.78
"W6948539429","aff_core",2238095,1119.0475
"W2770464142","aff_core",2238095,1119.0475
"W3134685310","aff_core",2238095,1119.0475
"W4391776557","aff_core",2238095,1119.0475
"W2161808272","aff_core",2238095,1119.0475
"W182652662","aff_core",2238095,1119.0475
"W2170103585","aff_core",2238095,1119.0475
"W3045981731","aff_core",2238095,1119.0475
"W4409659724","aff_core",2238095,1119.0475
"W4404586831","aff_core",2238095,1119.0475
"W2022792152","aff_core",2238095,1119.0475
"W4412440969","aff_core",2238095,1119.0475
"W7133354814","aff_core",2238095,1119.0475
"W3020828809","aff_core",2238095,1119.0475
"W2397537490","aff_core",2238095,1119.0475
"W3086619722","aff_core",2238095,1119.0475
"W2889865404","aff_core",2238095,1119.0475
"W2085016789","aff_core",2238095,1119.0475
"W2044763996","aff_core",2238095,1119.0475
"W3090302053","aff_core",2238095,1119.0475
"W3122270438","aff_core",2238095,1119.0475
"W3128804714","aff_core",2238095,1119.0475
"W2119635059","aff_core",2238095,1119.0475
"W2589826650","aff_core",2238095,1119.0475
"W2122250047","aff_core",2238095,1119.0475
"W2034856714","aff_core",2238095,1119.0475
"W2002137765","aff_core",2238095,1119.0475
"W2788630821","aff_core",2238095,1119.0475
"W4237466260","aff_core",2238095,1119.0475
"W2311888033","aff_core",2238095,1119.0475
"W4213127809","aff_core",2238095,1119.0475
"W4296706857","aff_core",2238095,1119.0475
"W2016248729","aff_core",2238095,1119.0475
"W2345391442","aff_core",2238095,1119.0475
"W2559699856","aff_core",2238095,1119.0475
"W6912727412","aff_core",2238095,1119.0475
"W4398176203","aff_core",2238095,1119.0475
"W4410566140","aff_core",2238095,1119.0475
"W2073657092","aff_core",2238095,1119.0475
"W2116142233","aff_core",2238095,1119.0475
"W6892508065","aff_core",2238095,1119.0475
"W2524582348","aff_core",2238095,1119.0475
"W1970819022","aff_core",2238095,1119.0475
"W2070631443","aff_core",2238095,1119.0475
"W1996980605","aff_core",2238095,1119.0475
"W2169582861","aff_core",2238095,1119.0475
"W2954314377","aff_core",2238095,1119.0475
"W2096807847","aff_core",2238095,1119.0475
"W3004264277","aff_core",2238095,1119.0475
"W4393996271","aff_core",2238095,1119.0475
"W1480126678","aff_core",2238095,1119.0475
"W4408431473","aff_core",2238095,1119.0475
"W4241378950","aff_core",2238095,1119.0475
"W2059349901","aff_core",2238095,1119.0475
"W4231347986","aff_core",2238095,1119.0475
"W3014578203","aff_core",2238095,1119.0475
"W2930323534","aff_core",2238095,1119.0475
"W2107114880","aff_core",2238095,1119.0475
"W6921009674","aff_core",2238095,1119.0475
"W4403828500","aff_core",2238095,1119.0475
"W2944468637","aff_core",2238095,1119.0475
"W2726916142","aff_core",2238095,1119.0475
"W2386715724","aff_core",2238095,1119.0475
"W2069128089","aff_core",2238095,1119.0475
"W2617743101","aff_core",2238095,1119.0475
"W4408342928","aff_core",2238095,1119.0475
"W4296962943","aff_core",2238095,1119.0475
"W2045092925","aff_core",2238095,1119.0475
"W4250569304","aff_core",2238095,1119.0475
"W1985447838","aff_core",2238095,1119.0475
"W4414567721","aff_core",2238095,1119.0475
"W4382401530","aff_core",2238095,1119.0475
"W4385568468","aff_core",2238095,1119.0475
"W2129356845","aff_core",2238095,1119.0475
"W4312530035","aff_core",2238095,1119.0475
"W2015584982","aff_core",2238095,1119.0475
"W2138205397","aff_core",2238095,1119.0475
"W1505550093","aff_core",2238095,1119.0475
"W2107854615","aff_core",2238095,1119.0475
"W2583796628","aff_core",2238095,1119.0475
"W4390539691","aff_core",2238095,1119.0475
"W1996140749","aff_core",2238095,1119.0475
"W2283876513","aff_core",2238095,1119.0475
"W2100474733","aff_core",2238095,1119.0475
"W2326391333","aff_core",2238095,1119.0475
"W1894087381","aff_core",2238095,1119.0475
"W2173497265","aff_core",2238095,1119.0475
"W4321763376","aff_core",2238095,1119.0475
"W2078641709","aff_core",2238095,1119.0475
"W2809339792","aff_core",2238095,1119.0475
"W2068696411","aff_core",2238095,1119.0475
"W2900044434","aff_core",2238095,1119.0475
"W1964777697","aff_core",2238095,1119.0475
"W2113892489","aff_core",2238095,1119.0475
"W2045842132","aff_core",2238095,1119.0475
"W2897266734","aff_core",2238095,1119.0475
"W7117253861","aff_core",2238095,1119.0475
"W2767385433","aff_core",2238095,1119.0475
"W3207837394","aff_core",2238095,1119.0475
"W4416602774","aff_core",2238095,1119.0475
"W4412731360","aff_core",2238095,1119.0475
"W2957195065","aff_core",2238095,1119.0475
"W4412392651","aff_core",2238095,1119.0475
"W2034247034","aff_core",2238095,1119.0475
"W2624801309","aff_core",2238095,1119.0475
"W4318911860","aff_core",2238095,1119.0475
"W2956018411","aff_core",2238095,1119.0475
"W3036895700","aff_core",2238095,1119.0475
"W2734464863","aff_core",2238095,1119.0475
"W2053185172","aff_core",2238095,1119.0475
"W6902026652","aff_core",2238095,1119.0475
"W2011768431","aff_core",2238095,1119.0475
"W4401349629","aff_core",2238095,1119.0475
"W2152876843","aff_core",2238095,1119.0475
"W2784851390","aff_core",2238095,1119.0475
"W3134726991","aff_core",2238095,1119.0475
"W4309598565","aff_core",2238095,1119.0475
"W4283020820","aff_core",2238095,1119.0475
"W4385950038","aff_core",2238095,1119.0475
"W4387642322","aff_core",2238095,1119.0475
"W2167962341","aff_core",2238095,1119.0475
"W2065320123","aff_core",2238095,1119.0475
"W2140920227","aff_core",2238095,1119.0475
"W2159786793","aff_core",2238095,1119.0475
"W2037908858","aff_core",2238095,1119.0475
"W1803530103","aff_core",2238095,1119.0475
"W6920831208","aff_core",2238095,1119.0475
"W2037796962","aff_core",2238095,1119.0475
"W4382344442","aff_core",2238095,1119.0475
"W2397418040","aff_core",2238095,1119.0475
"W2171126674","aff_core",2238095,1119.0475
"W2111706430","aff_core",2238095,1119.0475
"W2732122045","aff_core",2238095,1119.0475
"W4397044273","aff_core",2238095,1119.0475
"W4226088139","aff_core",2238095,1119.0475
"W3147542541","aff_core",2238095,1119.0475
"W2800737042","aff_core",2238095,1119.0475
"W3212329417","aff_core",2238095,1119.0475
"W2133417811","aff_core",2238095,1119.0475
"W4200618784","aff_core",2238095,1119.0475
"W1992904774","aff_core",2238095,1119.0475
"W4407602210","aff_core",2238095,1119.0475
"W2365249008","aff_core",2238095,1119.0475
"W3177468376","aff_core",2238095,1119.0475
"W6958076466","aff_core",2238095,1119.0475
"W2800890640","aff_core",2238095,1119.0475
"W1993013603","aff_core",2238095,1119.0475
"W2604835042","aff_core",2238095,1119.0475
"W2160256327","aff_core",2238095,1119.0475
"W3137228965","aff_core",2238095,1119.0475
"W1568565398","aff_core",2238095,1119.0475
"W4396566350","aff_core",2238095,1119.0475
"W4408543679","aff_core",2238095,1119.0475
"W4205889450","aff_core",2238095,1119.0475
"W3186197057","aff_core",2238095,1119.0475
"W2791627501","aff_core",2238095,1119.0475
"W2022101449","aff_core",2238095,1119.0475
"W1624873464","aff_core",2238095,1119.0475
"W2791532955","aff_core",2238095,1119.0475
"W2012241359","aff_core",2238095,1119.0475
"W3208166914","aff_core",2238095,1119.0475
"W4404619263","aff_core",2238095,1119.0475
"W7128904728","aff_core",2238095,1119.0475
"W3209759921","aff_core",2238095,1119.0475
"W4414774694","aff_core",2238095,1119.0475
"W2083699198","aff_core",2238095,1119.0475
"W2096888883","aff_core",2238095,1119.0475
"W2004658131","aff_core",2238095,1119.0475
"W4220771895","aff_core",2238095,1119.0475
"W7140124536","aff_core",2238095,1119.0475
"W6920816777","aff_core",2238095,1119.0475
"W3103514251","aff_core",2238095,1119.0475
"W4390125626","aff_core",2238095,1119.0475
"W4387208878","aff_core",2238095,1119.0475
"W2265121686","aff_core",2238095,1119.0475
"W4406248790","aff_core",2238095,1119.0475
"W2033551223","aff_core",2238095,1119.0475
"W2048465910","aff_core",2238095,1119.0475
"W2087115620","aff_core",2238095,1119.0475
"W4400934472","aff_core",2238095,1119.0475
"W4394364860","aff_core",2238095,1119.0475
"W2072376875","aff_core",2238095,1119.0475
"W72332316","aff_core",2238095,1119.0475
"W4407899435","aff_core",2238095,1119.0475
"W6901971843","aff_core",2238095,1119.0475
"W2529901935","aff_core",2238095,1119.0475
"W4412702538","aff_core",2238095,1119.0475
"W3210940019","aff_core",2238095,1119.0475
"W2143244825","aff_core",2238095,1119.0475
"W1945502006","aff_core",2238095,1119.0475
"W2109401305","aff_core",2238095,1119.0475
"W2972232376","aff_core",2238095,1119.0475
"W6906631113","aff_core",2238095,1119.0475
"W2008132350","aff_core",2238095,1119.0475
"W4285337568","aff_core",2238095,1119.0475
"W2078007612","aff_core",2238095,1119.0475
"W2051170580","aff_core",2238095,1119.0475
"W2781959233","aff_core",2238095,1119.0475
"W4401015719","aff_core",2238095,1119.0475
"W4408435873","aff_core",2238095,1119.0475
"W1544865041","aff_core",2238095,1119.0475
"W3157295148","aff_core",2238095,1119.0475
"W4299677816","aff_core",2238095,1119.0475
"W2177919716","aff_core",2238095,1119.0475
"W2085221598","aff_core",2238095,1119.0475
"W4396668167","aff_core",2238095,1119.0475
"W4408894939","aff_core",2238095,1119.0475
"W2001885620","aff_core",2238095,1119.0475
"W2146916193","aff_core",2238095,1119.0475
"W4407148895","aff_core",2238095,1119.0475
"W4225440245","aff_core",2238095,1119.0475
"W3022374116","aff_core",2238095,1119.0475
"W2918584560","aff_core",2238095,1119.0475
"W2021838624","aff_core",2238095,1119.0475
"W4312749796","aff_core",2238095,1119.0475
"W4408872339","aff_core",2238095,1119.0475
"W4323928821","aff_core",2238095,1119.0475
"W4322740843","aff_core",2238095,1119.0475
"W2403244649","aff_core",2238095,1119.0475
"W2887574199","aff_core",2238095,1119.0475
"W2120969806","aff_core",2238095,1119.0475
"W2409305830","aff_core",2238095,1119.0475
"W2167149036","aff_core",2238095,1119.0475
"W4399887646","aff_core",2238095,1119.0475
"W3212948533","aff_core",2238095,1119.0475
"W4380369756","aff_core",2238095,1119.0475
"W6968359514","aff_core",2238095,1119.0475
"W2153016433","aff_core",2238095,1119.0475
"W4412975385","aff_core",2238095,1119.0475
"W3103695929","aff_core",2238095,1119.0475
"W2186706438","aff_core",2238095,1119.0475
"W4393029558","aff_core",2238095,1119.0475
"W2159834749","aff_core",2238095,1119.0475
"W4317827769","aff_core",2238095,1119.0475
"W3088298123","aff_core",2238095,1119.0475
"W4413603870","aff_core",2238095,1119.0475
"W2084332456","aff_core",2238095,1119.0475
"W3205924190","aff_core",2238095,1119.0475
"W3089867246","aff_core",2238095,1119.0475
"W2057961777","aff_core",2238095,1119.0475
"W2794631738","aff_core",2238095,1119.0475
"W4407996058","aff_core",2238095,1119.0475
"W4214934990","aff_core",2238095,1119.0475
"W7116845950","aff_core",2238095,1119.0475
"W1966423514","aff_core",2238095,1119.0475
"W2965687105","aff_core",2238095,1119.0475
"W2143754005","aff_core",2238095,1119.0475
"W2169276971","aff_core",2238095,1119.0475
"W1972350319","aff_core",2238095,1119.0475
"W4395044580","aff_core",2238095,1119.0475
"W4409486179","aff_core",2238095,1119.0475
"W2463906378","aff_core",2238095,1119.0475
"W2064535610","aff_core",2238095,1119.0475
"W4409014109","aff_core",2238095,1119.0475
"W1562488399","aff_core",2238095,1119.0475
"W2305277766","aff_core",2238095,1119.0475
"W4392946918","aff_core",2238095,1119.0475
"W4402732239","aff_core",2238095,1119.0475
"W2913545041","aff_core",2238095,1119.0475
"W2498190889","aff_core",2238095,1119.0475
"W2079516132","aff_core",2238095,1119.0475
"W4387645789","aff_core",2238095,1119.0475
"W4293510974","aff_core",2238095,1119.0475
"W2126747464","aff_core",2238095,1119.0475
"W1982814315","aff_core",2238095,1119.0475
"W4324353080","aff_core",2238095,1119.0475
"W2311859462","aff_core",2238095,1119.0475
"W2104441503","aff_core",2238095,1119.0475
"W2121279197","aff_core",2238095,1119.0475
"W2021882766","aff_core",2238095,1119.0475
"W4402203289","aff_core",2238095,1119.0475
"W3094767264","aff_core",2238095,1119.0475
"W4317939343","aff_core",2238095,1119.0475
"W1996056068","aff_core",2238095,1119.0475
"W4386239147","aff_core",2238095,1119.0475
"W2528327393","aff_core",2238095,1119.0475
"W4387572482","aff_core",2238095,1119.0475
"W6925261060","aff_core",2238095,1119.0475
"W3214653941","aff_core",2238095,1119.0475
"W4311453569","aff_core",2238095,1119.0475
"W3135375406","aff_core",2238095,1119.0475
"W2734540391","aff_core",2238095,1119.0475
"W2100281839","aff_core",2238095,1119.0475
"W2605943665","aff_core",2238095,1119.0475
"W2139542370","aff_core",2238095,1119.0475
"W2906546386","aff_core",2238095,1119.0475
"W4416818525","aff_core",2238095,1119.0475
"W2114735315","aff_core",2238095,1119.0475
"W2890598563","aff_core",2238095,1119.0475
"W4396989874","aff_core",2238095,1119.0475
"W2142752305","aff_core",2238095,1119.0475
"W2176572729","aff_core",2238095,1119.0475
"W2158650294","aff_core",2238095,1119.0475
"W3019138098","aff_core",2238095,1119.0475
"W4361301423","aff_core",2238095,1119.0475
"W1981983914","aff_core",2238095,1119.0475
"W2079433702","aff_core",2238095,1119.0475
"W2149250758","aff_core",2238095,1119.0475
"W1997129076","aff_core",2238095,1119.0475
"W4376455031","aff_core",2238095,1119.0475
"W4392401568","aff_core",2238095,1119.0475
"W4367296836","aff_core",2238095,1119.0475
"W2479637877","aff_core",2238095,1119.0475
"W1521499787","aff_core",2238095,1119.0475
"W2277191980","aff_core",2238095,1119.0475
"W4409439478","aff_core",2238095,1119.0475
"W2094753698","aff_core",2238095,1119.0475
"W1599068065","aff_core",2238095,1119.0475
"W3124913362","aff_core",2238095,1119.0475
"W4231023677","aff_core",2238095,1119.0475
"W4243998206","aff_core",2238095,1119.0475
"W2568820663","aff_core",2238095,1119.0475
"W2055114796","aff_core",2238095,1119.0475
"W2043765668","aff_core",2238095,1119.0475
"W3208823390","aff_core",2238095,1119.0475
"W4402833677","aff_core",2238095,1119.0475
"W2799401637","aff_core",2238095,1119.0475
"W3022222903","aff_core",2238095,1119.0475
"W3124059545","aff_core",2238095,1119.0475
"W4384524220","aff_core",2238095,1119.0475
"W4226199284","aff_core",2238095,1119.0475
"W2008421306","aff_core",2238095,1119.0475
"W2950990081","aff_core",2238095,1119.0475
"W272425392","aff_core",2238095,1119.0475
"W4404299477","aff_core",2238095,1119.0475
"W2929263647","aff_core",2238095,1119.0475
"W4388878700","aff_core",2238095,1119.0475
"W4292433875","aff_core",2238095,1119.0475
"W2038067639","aff_core",2238095,1119.0475
"W4392516353","aff_core",2238095,1119.0475
"W4404230670","aff_core",2238095,1119.0475
"W4390154278","aff_core",2238095,1119.0475
"W2127886513","aff_core",2238095,1119.0475
"W2013899809","aff_core",2238095,1119.0475
"W4378174514","aff_core",2238095,1119.0475
"W2901646705","aff_core",2238095,1119.0475
"W2021313489","aff_core",2238095,1119.0475
"W2817145835","aff_core",2238095,1119.0475
"W2054016029","aff_core",2238095,1119.0475
"W2021664510","aff_core",2238095,1119.0475
"W2078575815","aff_core",2238095,1119.0475
"W2126495962","aff_core",2238095,1119.0475
"W2468248009","aff_core",2238095,1119.0475
"W6921284952","aff_core",2238095,1119.0475
"W161416703","aff_core",2238095,1119.0475
"W3112254123","aff_core",2238095,1119.0475
"W4408543597","aff_core",2238095,1119.0475
"W2199572535","aff_core",2238095,1119.0475
"W3004662929","aff_core",2238095,1119.0475
"W4410105423","aff_core",2238095,1119.0475
"W4287447289","aff_core",2238095,1119.0475
"W3203986126","aff_core",2238095,1119.0475
"W2896902630","aff_core",2238095,1119.0475
"W2069721913","aff_core",2238095,1119.0475
"W3098570202","aff_core",2238095,1119.0475
"W6958324896","aff_core",2238095,1119.0475
"W2014814068","aff_core",2238095,1119.0475
"W1983240562","aff_core",2238095,1119.0475
"W2036826609","aff_core",2238095,1119.0475
"W4392520698","aff_core",2238095,1119.0475
"W4289444003","aff_core",2238095,1119.0475
"W3134880222","aff_core",2238095,1119.0475
"W2984760117","aff_core",2238095,1119.0475
"W1965743895","aff_core",2238095,1119.0475
"W3211423664","aff_core",2238095,1119.0475
"W4225260020","aff_core",2238095,1119.0475
"W2623947429","aff_core",2238095,1119.0475
"W2136383738","aff_core",2238095,1119.0475
"W2284852660","aff_core",2238095,1119.0475
"W2122164535","aff_core",2238095,1119.0475
"W2019070760","aff_core",2238095,1119.0475
"W2611788288","aff_core",2238095,1119.0475
"W2799870382","aff_core",2238095,1119.0475
"W4366518142","aff_core",2238095,1119.0475
"W2150103364","aff_core",2238095,1119.0475
"W1255795715","aff_core",2238095,1119.0475
"W2083426277","aff_core",2238095,1119.0475
"W4244163104","aff_core",2238095,1119.0475
"W2022578980","aff_core",2238095,1119.0475
"W3209578054","aff_core",2238095,1119.0475
"W2903290543","aff_core",2238095,1119.0475
"W2508208820","aff_core",2238095,1119.0475
"W2524507062","aff_core",2238095,1119.0475
"W4390342238","aff_core",2238095,1119.0475
"W2276185328","aff_core",2238095,1119.0475
"W6950334657","aff_core",2238095,1119.0475
"W2166626588","aff_core",2238095,1119.0475
"W2588861088","aff_core",2238095,1119.0475
"W2954788511","aff_core",2238095,1119.0475
"W2110040363","aff_core",2238095,1119.0475
"W3134532150","aff_core",2238095,1119.0475
"W2949395959","aff_core",2238095,1119.0475
"W4396978584","aff_core",2238095,1119.0475
"W1959982955","aff_core",2238095,1119.0475
"W4408304043","aff_core",2238095,1119.0475
"W2329408926","aff_core",2238095,1119.0475
"W2026031871","aff_core",2238095,1119.0475
"W4253532363","aff_core",2238095,1119.0475
"W4309115709","aff_core",2238095,1119.0475
"W2061692532","aff_core",2238095,1119.0475
"W7008028200","aff_core",2238095,1119.0475
"W3162672713","aff_core",2238095,1119.0475
"W6966509538","aff_core",2238095,1119.0475
"W4411142852","aff_core",2238095,1119.0475
"W2179089067","aff_core",2238095,1119.0475
"W2164346250","aff_core",2238095,1119.0475
"W4385543435","aff_core",2238095,1119.0475
"W2886997615","aff_core",2238095,1119.0475
"W4400946042","aff_core",2238095,1119.0475
"W2095639114","aff_core",2238095,1119.0475
"W2994746988","aff_core",2238095,1119.0475
"W1944529636","aff_core",2238095,1119.0475
"W2159645943","aff_core",2238095,1119.0475
"W1990740304","aff_core",2238095,1119.0475
"W2486417361","aff_core",2238095,1119.0475
"W6959013038","aff_core",2238095,1119.0475
"W1727867145","aff_core",2238095,1119.0475
"W2102986587","aff_core",2238095,1119.0475
"W2095823527","aff_core",2238095,1119.0475
"W3211708060","aff_core",2238095,1119.0475
"W2898413414","aff_core",2238095,1119.0475
"W2056683884","aff_core",2238095,1119.0475
"W1994886458","aff_core",2238095,1119.0475
"W2144091318","aff_core",2238095,1119.0475
"W3168561868","aff_core",2238095,1119.0475
"W1583495507","aff_core",2238095,1119.0475
"W2314987545","aff_core",2238095,1119.0475
"W2254368865","aff_core",2238095,1119.0475
"W3008498410","aff_core",2238095,1119.0475
"W3198787590","aff_core",2238095,1119.0475
"W4411049383","aff_core",2238095,1119.0475
"W3123797768","aff_core",2238095,1119.0475
"W4402847728","aff_core",2238095,1119.0475
"W2564214871","aff_core",2238095,1119.0475
"W2983410311","aff_core",2238095,1119.0475
"W2604629495","aff_core",2238095,1119.0475
"W2810364375","aff_core",2238095,1119.0475
"W2340766493","aff_core",2238095,1119.0475
"W2166265800","aff_core",2238095,1119.0475
"W6939675220","aff_core",2238095,1119.0475
"W4361188949","aff_core",2238095,1119.0475
"W4256662119","aff_core",2238095,1119.0475
"W3031775517","aff_core",2238095,1119.0475
"W2528104680","aff_core",2238095,1119.0475
"W6930746541","aff_core",2238095,1119.0475
"W1993461553","aff_core",2238095,1119.0475
"W2233480636","aff_core",2238095,1119.0475
"W4285191413","aff_core",2238095,1119.0475
"W2008386765","aff_core",2238095,1119.0475
"W7131858423","aff_core",2238095,1119.0475
"W2060649180","aff_core",2238095,1119.0475
"W4416713375","aff_core",2238095,1119.0475
"W2558770270","aff_core",2238095,1119.0475
"W2063053868","aff_core",2238095,1119.0475
"W4308326916","aff_core",2238095,1119.0475
"W2990755190","aff_core",2238095,1119.0475
"W2921169316","aff_core",2238095,1119.0475
"W2896728128","aff_core",2238095,1119.0475
"W4200151395","aff_core",2238095,1119.0475
"W2516610861","aff_core",2238095,1119.0475
"W2956529686","aff_core",2238095,1119.0475
"W2789603165","aff_core",2238095,1119.0475
"W1855007063","aff_core",2238095,1119.0475
"W6920849680","aff_core",2238095,1119.0475
"W4317378094","aff_core",2238095,1119.0475
"W2126090227","aff_core",2238095,1119.0475
"W4211058005","aff_core",2238095,1119.0475
"W2043839920","aff_core",2238095,1119.0475
"W2082343117","aff_core",2238095,1119.0475
"W1531471821","aff_core",2238095,1119.0475
"W2165052658","aff_core",2238095,1119.0475
"W1994071563","aff_core",2238095,1119.0475
"W3044136262","aff_core",2238095,1119.0475
"W2056910003","aff_core",2238095,1119.0475
"W6912664825","aff_core",2238095,1119.0475
"W4205163905","aff_core",2238095,1119.0475
"W2985290258","aff_core",2238095,1119.0475
"W2132333108","aff_core",2238095,1119.0475
"W4230540066","aff_core",2238095,1119.0475
"W4289704954","aff_core",2238095,1119.0475
"W4313203610","aff_core",2238095,1119.0475
"W2145343730","aff_core",2238095,1119.0475
"W2139817599","aff_core",2238095,1119.0475
"W4402561058","aff_core",2238095,1119.0475
"W1993041384","aff_core",2238095,1119.0475
"W1886077247","aff_core",2238095,1119.0475
"W3031997581","aff_core",2238095,1119.0475
"W4392735737","aff_core",2238095,1119.0475
"W1973741516","aff_core",2238095,1119.0475
"W3045184436","aff_core",2238095,1119.0475
"W2786418515","aff_core",2238095,1119.0475
"W2190884695","aff_core",2238095,1119.0475
"W2012061263","aff_core",2238095,1119.0475
"W2043792563","aff_core",2238095,1119.0475
"W2084228121","aff_core",2238095,1119.0475
"W2964172349","aff_core",2238095,1119.0475
"W2885491626","aff_core",2238095,1119.0475
"W2132218314","aff_core",2238095,1119.0475
"W4384927199","aff_core",2238095,1119.0475
"W2009676817","aff_core",2238095,1119.0475
"W6920940728","aff_core",2238095,1119.0475
"W2176634877","aff_core",2238095,1119.0475
"W3190036396","aff_core",2238095,1119.0475
"W2140387877","aff_core",2238095,1119.0475
"W2095445167","aff_core",2238095,1119.0475
"W2112074917","aff_core",2238095,1119.0475
"W2493239850","aff_core",2238095,1119.0475
"W4223646081","aff_core",2238095,1119.0475
"W4402130536","aff_core",2238095,1119.0475
"W4406074153","aff_core",2238095,1119.0475
"W3033961572","aff_core",2238095,1119.0475
"W6920784504","aff_core",2238095,1119.0475
"W4220924938","aff_core",2238095,1119.0475
"W2027338183","aff_core",2238095,1119.0475
"W2969612705","aff_core",2238095,1119.0475
"W2141557529","aff_core",2238095,1119.0475
"W4231601541","aff_core",2238095,1119.0475
"W4417440296","aff_core",2238095,1119.0475
"W2864868740","aff_core",2238095,1119.0475
"W2121601768","aff_core",2238095,1119.0475
"W2034316014","aff_core",2238095,1119.0475
"W2055891521","aff_core",2238095,1119.0475
"W4294917726","aff_core",2238095,1119.0475
"W1972240862","aff_core",2238095,1119.0475
"W4416446672","aff_core",2238095,1119.0475
"W3124759498","aff_core",2238095,1119.0475
"W4284688026","aff_core",2238095,1119.0475
"W6902044807","aff_core",2238095,1119.0475
"W4205860068","aff_core",2238095,1119.0475
"W2592639162","aff_core",2238095,1119.0475
"W2154836512","aff_core",2238095,1119.0475
"W4388844093","aff_core",2238095,1119.0475
"W2029157761","aff_core",2238095,1119.0475
"W1516585276","aff_core",2238095,1119.0475
"W4324118149","aff_core",2238095,1119.0475
"W2094273701","aff_core",2238095,1119.0475
"W3213806098","aff_core",2238095,1119.0475
"W2044883507","aff_core",2238095,1119.0475
"W2045093306","aff_core",2238095,1119.0475
"W4213081429","aff_core",2238095,1119.0475
"W2068804149","aff_core",2238095,1119.0475
"W4366449591","aff_core",2238095,1119.0475
"W4413500679","aff_core",2238095,1119.0475
"W2083205981","aff_core",2238095,1119.0475
"W2009454064","aff_core",2238095,1119.0475
"W4254615216","aff_core",2238095,1119.0475
"W4409428638","aff_core",2238095,1119.0475
"W4408101488","aff_core",2238095,1119.0475
"W2770753937","aff_core",2238095,1119.0475
"W4403103827","aff_core",2238095,1119.0475
"W3184642601","aff_core",2238095,1119.0475
"W4415953551","aff_core",2238095,1119.0475
"W2174369001","aff_core",2238095,1119.0475
"W1847044126","aff_core",2238095,1119.0475
"W4241375241","aff_core",2238095,1119.0475
"W1995186012","aff_core",2238095,1119.0475
"W4407150452","aff_core",2238095,1119.0475
"W2037002473","aff_core",2238095,1119.0475
"W2884933591","aff_core",2238095,1119.0475
"W4221067106","aff_core",2238095,1119.0475
"W4405473923","aff_core",2238095,1119.0475
"W2066819927","aff_core",2238095,1119.0475
"W2779343292","aff_core",2238095,1119.0475
"W2519040290","aff_core",2238095,1119.0475
"W1963634966","aff_core",2238095,1119.0475
"W2061383707","aff_core",2238095,1119.0475
"W2321384628","aff_core",2238095,1119.0475
"W2102715455","aff_core",2238095,1119.0475
"W2150245040","aff_core",2238095,1119.0475
"W7116844250","aff_core",2238095,1119.0475
"W2983344308","aff_core",2238095,1119.0475
"W2028139918","aff_core",2238095,1119.0475
"W4390046021","aff_core",2238095,1119.0475
"W2803880880","aff_core",2238095,1119.0475
"W2766122987","aff_core",2238095,1119.0475
"W3094420752","aff_core",2238095,1119.0475
"W2616587659","aff_core",2238095,1119.0475
"W6911829833","aff_core",2238095,1119.0475
"W4401489034","aff_core",2238095,1119.0475
"W4379514488","aff_core",2238095,1119.0475
"W3165464716","aff_core",2238095,1119.0475
"W1996427714","aff_core",2238095,1119.0475
"W2585806471","aff_core",2238095,1119.0475
"W2033928142","aff_core",2238095,1119.0475
"W4388408927","aff_core",2238095,1119.0475
"W2104518806","aff_core",2238095,1119.0475
"W4225113209","aff_core",2238095,1119.0475
"W2028337288","aff_core",2238095,1119.0475
"W2296149488","aff_core",2238095,1119.0475
"W2013671066","aff_core",2238095,1119.0475
"W3086434542","aff_core",2238095,1119.0475
"W4285086769","aff_core",2238095,1119.0475
"W4295193379","aff_core",2238095,1119.0475
"W2149976566","aff_core",2238095,1119.0475
"W4205795593","aff_core",2238095,1119.0475
"W2210125199","aff_core",2238095,1119.0475
"W2786124958","aff_core",2238095,1119.0475
"W2101056172","aff_core",2238095,1119.0475
"W2897860600","aff_core",2238095,1119.0475
"W2093663187","aff_core",2238095,1119.0475
"W2096196402","aff_core",2238095,1119.0475
"W4387207909","aff_core",2238095,1119.0475
"W2618300388","aff_core",2238095,1119.0475
"W2098001302","aff_core",2238095,1119.0475
"W6958541172","aff_core",2238095,1119.0475
"W2027585696","aff_core",2238095,1119.0475
"W1967153691","aff_core",2238095,1119.0475
"W1963856620","aff_core",2238095,1119.0475
"W4417525534","aff_core",2238095,1119.0475
"W2625463868","aff_core",2238095,1119.0475
"W2726828094","aff_core",2238095,1119.0475
"W2191286751","aff_core",2238095,1119.0475
"W4406284854","aff_core",2238095,1119.0475
"W2745753856","aff_core",2238095,1119.0475
"W6920970920","aff_core",2238095,1119.0475
"W1991044023","aff_core",2238095,1119.0475
"W4403451752","aff_core",2238095,1119.0475
"W1999117615","aff_core",2238095,1119.0475
"W2947144626","aff_core",2238095,1119.0475
"W4416513071","aff_core",2238095,1119.0475
"W4366496202","aff_core",2238095,1119.0475
"W4411946080","aff_core",2238095,1119.0475
"W3085703431","aff_core",2238095,1119.0475
"W2964478143","aff_core",2238095,1119.0475
"W2018552856","aff_core",2238095,1119.0475
"W3115149189","aff_core",2238095,1119.0475
"W2033196033","aff_core",2238095,1119.0475
"W3008338337","aff_core",2238095,1119.0475
"W4400315661","aff_core",2238095,1119.0475
"W6968402026","aff_core",2238095,1119.0475
"W4411350887","aff_core",2238095,1119.0475
"W2886309153","aff_core",2238095,1119.0475
"W4249543373","aff_core",2238095,1119.0475
"W6977017479","aff_core",2238095,1119.0475
"W2063434028","aff_core",2238095,1119.0475
"W2602816530","aff_core",2238095,1119.0475
"W2067860177","aff_core",2238095,1119.0475
"W4406069521","aff_core",2238095,1119.0475
"W2068509169","aff_core",2238095,1119.0475
"W2145850791","aff_core",2238095,1119.0475
"W7020753345","aff_core",2238095,1119.0475
"W2048639016","aff_core",2238095,1119.0475
"W4395955431","aff_core",2238095,1119.0475
"W6969264275","aff_core",2238095,1119.0475
"W2006099459","aff_core",2238095,1119.0475
"W2017380165","aff_core",2238095,1119.0475
"W6958638884","aff_core",2238095,1119.0475
"W2889020395","aff_core",2238095,1119.0475
"W4205183812","aff_core",2238095,1119.0475
"W2057733150","aff_core",2238095,1119.0475
"W2539127255","aff_core",2238095,1119.0475
"W3012514221","aff_core",2238095,1119.0475
"W4240626357","aff_core",2238095,1119.0475
"W2127679485","aff_core",2238095,1119.0475
"W4415317359","aff_core",2238095,1119.0475
"W1608665342","aff_core",2238095,1119.0475
"W2026150110","aff_core",2238095,1119.0475
"W2016518858","aff_core",2238095,1119.0475
"W2744912610","aff_core",2238095,1119.0475
"W2095995927","aff_core",2238095,1119.0475
"W7048593323","aff_core",2238095,1119.0475
"W4416597433","aff_core",2238095,1119.0475
"W4416389534","aff_core",2238095,1119.0475
"W2979874024","aff_core",2238095,1119.0475
"W2923013852","aff_core",2238095,1119.0475
"W3175758186","aff_core",2238095,1119.0475
"W2775903130","aff_core",2238095,1119.0475
"W2098343308","aff_core",2238095,1119.0475
"W2972539368","aff_core",2238095,1119.0475
"W2124809380","aff_core",2238095,1119.0475
"W2135812251","aff_core",2238095,1119.0475
"W4200352832","aff_core",2238095,1119.0475
"W2085942677","aff_core",2238095,1119.0475
"W4385237853","aff_core",2238095,1119.0475
"W1565426204","aff_core",2238095,1119.0475
"W2972039911","aff_core",2238095,1119.0475
"W4382992435","aff_core",2238095,1119.0475
"W4311861784","aff_core",2238095,1119.0475
"W2100945580","aff_core",2238095,1119.0475
"W2479326373","aff_core",2238095,1119.0475
"W1982748228","aff_core",2238095,1119.0475
"W4398457602","aff_core",2238095,1119.0475
"W2133199246","aff_core",2238095,1119.0475
"W2607119157","aff_core",2238095,1119.0475
"W7081996874","aff_core",2238095,1119.0475
"W1984343683","aff_core",2238095,1119.0475
"W1852722224","aff_core",2238095,1119.0475
"W4391162215","aff_core",2238095,1119.0475
"W3008810374","aff_core",2238095,1119.0475
"W2117802451","aff_core",2238095,1119.0475
"W3043635544","aff_core",2238095,1119.0475
"W2605790534","aff_core",2238095,1119.0475
"W4397010975","aff_core",2238095,1119.0475
"W4285224326","aff_core",2238095,1119.0475
"W1536744638","aff_core",2238095,1119.0475
"W1998656325","aff_core",2238095,1119.0475
"W1979097400","aff_core",2238095,1119.0475
"W3175114282","aff_core",2238095,1119.0475
"W2326268642","aff_core",2238095,1119.0475
"W2922820498","aff_core",2238095,1119.0475
"W6958509848","aff_core",2238095,1119.0475
"W2754338662","aff_core",2238095,1119.0475
"W3094076806","aff_core",2238095,1119.0475
"W4228999615","aff_core",2238095,1119.0475
"W2087413773","aff_core",2238095,1119.0475
"W4413803859","aff_core",2238095,1119.0475
"W4383314816","aff_core",2238095,1119.0475
"W3086093300","aff_core",2238095,1119.0475
"W2086664023","aff_core",2238095,1119.0475
"W4313174665","aff_core",2238095,1119.0475
"W4327714067","aff_core",2238095,1119.0475
"W2007558964","aff_core",2238095,1119.0475
"W4256073793","aff_core",2238095,1119.0475
"W3214353075","aff_core",2238095,1119.0475
"W4241108015","aff_core",2238095,1119.0475
"W4407794960","aff_core",2238095,1119.0475
"W2013181810","aff_core",2238095,1119.0475
"W2054939513","aff_core",2238095,1119.0475
"W2067057209","aff_core",2238095,1119.0475
"W6980052030","aff_core",2238095,1119.0475
"W2102088501","aff_core",2238095,1119.0475
"W2607685228","aff_core",2238095,1119.0475
"W2024328561","aff_core",2238095,1119.0475
"W3023513633","aff_core",2238095,1119.0475
"W2003908296","aff_core",2238095,1119.0475
"W2130730771","aff_core",2238095,1119.0475
"W2767654258","aff_core",2238095,1119.0475
"W2106927150","aff_core",2238095,1119.0475
"W4220777513","aff_core",2238095,1119.0475
"W4385358103","aff_core",2238095,1119.0475
"W2148549507","aff_core",2238095,1119.0475
"W4285796970","aff_core",2238095,1119.0475
"W2290761383","aff_core",2238095,1119.0475
"W3126537847","aff_core",2238095,1119.0475
"W1963746973","aff_core",2238095,1119.0475
"W1938742570","aff_core",2238095,1119.0475
"W7115034298","aff_core",2238095,1119.0475
"W2266165469","aff_core",2238095,1119.0475
"W3175392988","aff_core",2238095,1119.0475
"W2002746415","aff_core",2238095,1119.0475
"W4387457345","aff_core",2238095,1119.0475
"W6921072585","aff_core",2238095,1119.0475
"W4293321689","aff_core",2238095,1119.0475
"W2038127051","aff_core",2238095,1119.0475
"W2724115632","aff_core",2238095,1119.0475
"W2739383584","aff_core",2238095,1119.0475
"W1764640210","aff_core",2238095,1119.0475
"W2271878792","aff_core",2238095,1119.0475
"W4292636456","aff_core",2238095,1119.0475
"W4294024532","aff_core",2238095,1119.0475
"W4319940560","aff_core",2238095,1119.0475
"W4390616918","aff_core",2238095,1119.0475
"W1978705223","aff_core",2238095,1119.0475
"W2040452312","aff_core",2238095,1119.0475
"W2530553968","aff_core",2238095,1119.0475
"W4206109996","aff_core",2238095,1119.0475
"W2767075635","aff_core",2238095,1119.0475
"W2145568670","aff_core",2238095,1119.0475
"W2285683238","aff_core",2238095,1119.0475
"W2330513230","aff_core",2238095,1119.0475
"W4417248155","aff_core",2238095,1119.0475
"W1963517151","aff_core",2238095,1119.0475
"W2317576212","aff_core",2238095,1119.0475
"W3122963854","aff_core",2238095,1119.0475
"W1982101727","aff_core",2238095,1119.0475
"W4242935723","aff_core",2238095,1119.0475
"W2803825341","aff_core",2238095,1119.0475
"W3177385739","aff_core",2238095,1119.0475
"W4400591758","aff_core",2238095,1119.0475
"W4285023826","aff_core",2238095,1119.0475
"W4301778756","aff_core",2238095,1119.0475
"W4394151296","aff_core",2238095,1119.0475
"W2405268431","aff_core",2238095,1119.0475
"W4206364501","aff_core",2238095,1119.0475
"W3190369711","aff_core",2238095,1119.0475
"W3108084327","aff_core",2238095,1119.0475
"W6976682712","aff_core",2238095,1119.0475
"W2021707559","aff_core",2238095,1119.0475
"W2493518865","aff_core",2238095,1119.0475
"W2974443830","aff_core",2238095,1119.0475
"W2899428639","aff_core",2238095,1119.0475
"W2159228467","aff_core",2238095,1119.0475
"W4281855491","aff_core",2238095,1119.0475
"W4366420603","aff_core",2238095,1119.0475
"W2006015338","aff_core",2238095,1119.0475
"W2055097272","aff_core",2238095,1119.0475
"W6939932263","aff_core",2238095,1119.0475
"W3162654411","aff_core",2238095,1119.0475
"W2736083051","aff_core",2238095,1119.0475
"W4407352089","aff_core",2238095,1119.0475
"W3179765090","aff_core",2238095,1119.0475
"W2910258346","aff_core",2238095,1119.0475
"W6949274684","aff_core",2238095,1119.0475
"W1971748946","aff_core",2238095,1119.0475
"W4210695246","aff_core",2238095,1119.0475
"W203960306","aff_core",2238095,1119.0475
"W1965599725","aff_core",2238095,1119.0475
"W6958073523","aff_core",2238095,1119.0475
"W1983690581","aff_core",2238095,1119.0475
"W3192766806","aff_core",2238095,1119.0475
"W1844085676","aff_core",2238095,1119.0475
"W1919639395","aff_core",2238095,1119.0475
"W4411143113","aff_core",2238095,1119.0475
"W121994266","aff_core",2238095,1119.0475
"W2107750620","aff_core",2238095,1119.0475
"W2060327264","aff_core",2238095,1119.0475
"W3097925478","aff_core",2238095,1119.0475
"W2890229885","aff_core",2238095,1119.0475
"W3101100093","aff_core",2238095,1119.0475
"W2314841159","aff_core",2238095,1119.0475
"W2586441381","aff_core",2238095,1119.0475
"W4296023017","aff_core",2238095,1119.0475
"W2725300137","aff_core",2238095,1119.0475
"W1999363884","aff_core",2238095,1119.0475
"W4283825839","aff_core",2238095,1119.0475
"W1989804712","aff_core",2238095,1119.0475
"W2140700983","aff_core",2238095,1119.0475
"W4384700646","aff_core",2238095,1119.0475
"W2094594373","aff_core",2238095,1119.0475
"W4403306763","aff_core",2238095,1119.0475
"W4394247055","aff_core",2238095,1119.0475
"W3122956505","aff_core",2238095,1119.0475
"W2328616391","aff_core",2238095,1119.0475
"W2141478764","aff_core",2238095,1119.0475
"W2299937594","aff_core",2238095,1119.0475
"W2063121323","aff_core",2238095,1119.0475
"W4377239194","aff_core",2238095,1119.0475
"W2295229679","aff_core",2238095,1119.0475
"W4323656135","aff_core",2238095,1119.0475
"W6976575307","aff_core",2238095,1119.0475
"W2080646324","aff_core",2238095,1119.0475
"W4220904572","aff_core",2238095,1119.0475
"W3213963001","aff_core",2238095,1119.0475
"W2773961341","aff_core",2238095,1119.0475
"W2139272761","aff_core",2238095,1119.0475
"W4407381754","aff_core",2238095,1119.0475
"W4399068194","aff_core",2238095,1119.0475
"W2069548065","aff_core",2238095,1119.0475
"W4213125754","aff_core",2238095,1119.0475
"W3201778404","aff_core",2238095,1119.0475
"W2392892896","aff_core",2238095,1119.0475
"W2337685251","aff_core",2238095,1119.0475
"W6902694626","aff_core",2238095,1119.0475
"W4385156447","aff_core",2238095,1119.0475
"W2202115604","aff_core",2238095,1119.0475
"W2400873316","aff_core",2238095,1119.0475
"W2769343437","aff_core",2238095,1119.0475
"W2964521989","aff_core",2238095,1119.0475
"W4247336302","aff_core",2238095,1119.0475
"W2048616996","aff_core",2238095,1119.0475
"W607505555","aff_core",2238095,1119.0475
"W6958569203","aff_core",2238095,1119.0475
"W2014745062","aff_core",2238095,1119.0475
"W178886662","aff_core",2238095,1119.0475
"W4390707157","aff_core",2238095,1119.0475
"W1673751173","aff_core",2238095,1119.0475
"W3093499426","aff_core",2238095,1119.0475
"W1890612987","aff_core",2238095,1119.0475
"W3107697165","aff_core",2238095,1119.0475
"W2018616716","aff_core",2238095,1119.0475
"W4377989085","aff_core",2238095,1119.0475
"W6929636876","aff_core",2238095,1119.0475
"W4237442277","aff_core",2238095,1119.0475
"W4387085161","aff_core",2238095,1119.0475
"W1516719079","aff_core",2238095,1119.0475
"W2951170589","aff_core",2238095,1119.0475
"W2148496143","aff_core",2238095,1119.0475
"W2804192501","aff_core",2238095,1119.0475
"W2992984440","aff_core",2238095,1119.0475
"W6987787480","aff_core",2238095,1119.0475
"W2492519945","aff_core",2238095,1119.0475
"W3152508058","aff_core",2238095,1119.0475
"W2020633839","aff_core",2238095,1119.0475
"W2793606070","aff_core",2238095,1119.0475
"W3133970769","aff_core",2238095,1119.0475
"W2128133605","aff_core",2238095,1119.0475
"W2126455699","aff_core",2238095,1119.0475
"W4232717987","aff_core",2238095,1119.0475
"W4249116783","aff_core",2238095,1119.0475
"W3136666260","aff_core",2238095,1119.0475
"W2297712559","aff_core",2238095,1119.0475
"W6901731953","aff_core",2238095,1119.0475
"W2277737850","aff_core",2238095,1119.0475
"W3110606521","aff_core",2238095,1119.0475
"W2944738865","aff_core",2238095,1119.0475
"W2190184171","aff_core",2238095,1119.0475
"W2624569783","aff_core",2238095,1119.0475
"W3217712568","aff_core",2238095,1119.0475
"W3047731036","aff_core",2238095,1119.0475
"W3093312594","aff_core",2238095,1119.0475
"W108479562","aff_core",2238095,1119.0475
"W4410513505","aff_core",2238095,1119.0475
"W2399827239","aff_core",2238095,1119.0475
"W2098005530","aff_core",2238095,1119.0475
"W2945258064","aff_core",2238095,1119.0475
"W4403341249","aff_core",2238095,1119.0475
"W4387427734","aff_core",2238095,1119.0475
"W4414380501","aff_core",2238095,1119.0475
"W4247288705","aff_core",2238095,1119.0475
"W4386600404","aff_core",2238095,1119.0475
"W2615950595","aff_core",2238095,1119.0475
"W1572793643","aff_core",2238095,1119.0475
"W2018518196","aff_core",2238095,1119.0475
"W4390698897","aff_core",2238095,1119.0475
"W1998983115","aff_core",2238095,1119.0475
"W4410082984","aff_core",2238095,1119.0475
"W4214510566","aff_core",2238095,1119.0475
"W4383313674","aff_core",2238095,1119.0475
"W2169434358","aff_core",2238095,1119.0475
"W4398637685","aff_core",2238095,1119.0475
"W2117282761","aff_core",2238095,1119.0475
"W1963587915","aff_core",2238095,1119.0475
"W2035870244","aff_core",2238095,1119.0475
"W2962852054","aff_core",2238095,1119.0475
"W2127227053","aff_core",2238095,1119.0475
"W3172312450","aff_core",2238095,1119.0475
"W2108511054","aff_core",2238095,1119.0475
"W4413734856","aff_core",2238095,1119.0475
"W2083422332","aff_core",2238095,1119.0475
"W3200081493","aff_core",2238095,1119.0475
"W4400194035","aff_core",2238095,1119.0475
"W3208376055","aff_core",2238095,1119.0475
"W4408733822","aff_core",2238095,1119.0475
"W2046287467","aff_core",2238095,1119.0475
"W6930344020","aff_core",2238095,1119.0475
"W605170280","aff_core",2238095,1119.0475
"W1999595911","aff_core",2238095,1119.0475
"W6980466417","aff_core",2238095,1119.0475
"W4382919248","aff_core",2238095,1119.0475
"W2133494659","aff_core",2238095,1119.0475
"W1527454052","aff_core",2238095,1119.0475
"W2929113895","aff_core",2238095,1119.0475
"W7111493484","aff_core",2238095,1119.0475
"W1673415912","aff_core",2238095,1119.0475
"W4390344405","aff_core",2238095,1119.0475
"W2156796672","aff_core",2238095,1119.0475
"W3110806383","aff_core",2238095,1119.0475
"W1976996248","aff_core",2238095,1119.0475
"W3165532882","aff_core",2238095,1119.0475
"W2076450606","aff_core",2238095,1119.0475
"W4400687069","aff_core",2238095,1119.0475
"W2145985597","aff_core",2238095,1119.0475
"W2810297267","aff_core",2238095,1119.0475
"W4310102492","aff_core",2238095,1119.0475
"W4296780664","aff_core",2238095,1119.0475
"W4226113147","aff_core",2238095,1119.0475
"W3037925455","aff_core",2238095,1119.0475
"W2476234466","aff_core",2238095,1119.0475
"W4297896131","aff_core",2238095,1119.0475
"W2742954006","aff_core",2238095,1119.0475
"W4248177470","aff_core",2238095,1119.0475
"W2045539770","aff_core",2238095,1119.0475
"W4406218320","aff_core",2238095,1119.0475
"W3123851494","aff_core",2238095,1119.0475
"W6920807825","aff_core",2238095,1119.0475
"W4318615979","aff_core",2238095,1119.0475
"W6920746028","aff_core",2238095,1119.0475
"W2042907703","aff_core",2238095,1119.0475
"W2101734049","aff_core",2238095,1119.0475
"W4229010564","aff_core",2238095,1119.0475
"W173656928","aff_core",2238095,1119.0475
"W2390524166","aff_core",2238095,1119.0475
"W2052521143","aff_core",2238095,1119.0475
"W2885009973","aff_core",2238095,1119.0475
"W2498794084","aff_core",2238095,1119.0475
"W2028974574","aff_core",2238095,1119.0475
"W3170006951","aff_core",2238095,1119.0475
"W2164950986","aff_core",2238095,1119.0475
"W6920833691","aff_core",2238095,1119.0475
"W4410889618","aff_core",2238095,1119.0475
"W4390568815","aff_core",2238095,1119.0475
"W2268836160","aff_core",2238095,1119.0475
"W1581075314","aff_core",2238095,1119.0475
"W2051468622","aff_core",2238095,1119.0475
"W4235999176","aff_core",2238095,1119.0475
"W4319728483","aff_core",2238095,1119.0475
"W3022570901","aff_core",2238095,1119.0475
"W4416351236","aff_core",2238095,1119.0475
"W2743500250","aff_core",2238095,1119.0475
"W4251652261","aff_core",2238095,1119.0475
"W2135634701","aff_core",2238095,1119.0475
"W4293078187","aff_core",2238095,1119.0475
"W2032175094","aff_core",2238095,1119.0475
"W3137031156","aff_core",2238095,1119.0475
"W49930622","aff_core",2238095,1119.0475
"W2092368578","aff_core",2238095,1119.0475
"W4309245579","aff_core",2238095,1119.0475
"W2111021721","aff_core",2238095,1119.0475
"W6950194502","aff_core",2238095,1119.0475
"W3184470869","aff_core",2238095,1119.0475
"W4402513928","aff_core",2238095,1119.0475
"W2036383915","aff_core",2238095,1119.0475
"W2711252195","aff_core",2238095,1119.0475
"W2094181903","aff_core",2238095,1119.0475
"W2069158766","aff_core",2238095,1119.0475
"W3094661252","aff_core",2238095,1119.0475
"W4386494984","aff_core",2238095,1119.0475
"W90402225","aff_core",2238095,1119.0475
"W3124960499","aff_core",2238095,1119.0475
"W2975582433","aff_core",2238095,1119.0475
"W2310510783","aff_core",2238095,1119.0475
"W2951421930","aff_core",2238095,1119.0475
"W2587601940","aff_core",2238095,1119.0475
"W2979100411","aff_core",2238095,1119.0475
"W2322113485","aff_core",2238095,1119.0475
"W1950017428","aff_core",2238095,1119.0475
"W2078697916","aff_core",2238095,1119.0475
"W3097569460","aff_core",2238095,1119.0475
"W2590786238","aff_core",2238095,1119.0475
"W1498281518","aff_core",2238095,1119.0475
"W2751665201","aff_core",2238095,1119.0475
"W2606380969","aff_core",2238095,1119.0475
"W1997406193","aff_core",2238095,1119.0475
"W2023617777","aff_core",2238095,1119.0475
"W4381284193","aff_core",2238095,1119.0475
"W2434533707","aff_core",2238095,1119.0475
"W6939781348","aff_core",2238095,1119.0475
"W4385551416","aff_core",2238095,1119.0475
"W4248426190","aff_core",2238095,1119.0475
"W4416208798","aff_core",2238095,1119.0475
"W4244229916","aff_core",2238095,1119.0475
"W4380369007","aff_core",2238095,1119.0475
"W4411914013","aff_core",2238095,1119.0475
"W2005549584","aff_core",2238095,1119.0475
"W2027615161","aff_core",2238095,1119.0475
"W2463987154","aff_core",2238095,1119.0475
"W2910011850","aff_core",2238095,1119.0475
"W222347077","aff_core",2238095,1119.0475
"W4280557422","aff_core",2238095,1119.0475
"W4412718026","aff_core",2238095,1119.0475
"W3014146482","aff_core",2238095,1119.0475
"W2066921688","aff_core",2238095,1119.0475
"W2007867877","aff_core",2238095,1119.0475
"W2948008988","aff_core",2238095,1119.0475
"W3097851071","aff_core",2238095,1119.0475
"W2615592265","aff_core",2238095,1119.0475
"W2468065612","aff_core",2238095,1119.0475
"W1995607097","aff_core",2238095,1119.0475
"W2137273906","aff_core",2238095,1119.0475
"W2044960255","aff_core",2238095,1119.0475
"W3173307645","aff_core",2238095,1119.0475
"W2494545381","aff_core",2238095,1119.0475
"W4389233418","aff_core",2238095,1119.0475
"W2152805131","aff_core",2238095,1119.0475
"W2021358258","aff_core",2238095,1119.0475
"W3093459804","aff_core",2238095,1119.0475
"W2319871041","aff_core",2238095,1119.0475
"W4246603869","aff_core",2238095,1119.0475
"W2003190011","aff_core",2238095,1119.0475
"W2620845443","aff_core",2238095,1119.0475
"W4410830218","aff_core",2238095,1119.0475
"W2887491454","aff_core",2238095,1119.0475
"W2732996930","aff_core",2238095,1119.0475
"W1768388622","aff_core",2238095,1119.0475
"W2137703473","aff_core",2238095,1119.0475
"W4396772360","aff_core",2238095,1119.0475
"W2982115115","aff_core",2238095,1119.0475
"W2321407971","aff_core",2238095,1119.0475
"W2329315169","aff_core",2238095,1119.0475
"W2534674868","aff_core",2238095,1119.0475
"W2095440797","aff_core",2238095,1119.0475
"W2075044986","aff_core",2238095,1119.0475
"W4414158815","aff_core",2238095,1119.0475
"W2058935282","aff_core",2238095,1119.0475
"W4229334627","aff_core",2238095,1119.0475
"W2738910775","aff_core",2238095,1119.0475
"W4241336269","aff_core",2238095,1119.0475
"W3211112105","aff_core",2238095,1119.0475
"W2146800573","aff_core",2238095,1119.0475
"W1964068258","aff_core",2238095,1119.0475
"W2042772356","aff_core",2238095,1119.0475
"W4306912551","aff_core",2238095,1119.0475
"W4200432736","aff_core",2238095,1119.0475
"W4255420728","aff_core",2238095,1119.0475
"W1987308669","aff_core",2238095,1119.0475
"W3161081478","aff_core",2238095,1119.0475
"W2044300184","aff_core",2238095,1119.0475
"W2127344376","aff_core",2238095,1119.0475
"W3091681928","aff_core",2238095,1119.0475
"W2009134301","aff_core",2238095,1119.0475
"W1521312090","aff_core",2238095,1119.0475
"W3215625297","aff_core",2238095,1119.0475
"W3185048034","aff_core",2238095,1119.0475
"W2037971539","aff_core",2238095,1119.0475
"W2006358657","aff_core",2238095,1119.0475
"W3108616333","aff_core",2238095,1119.0475
"W2019541366","aff_core",2238095,1119.0475
"W3166518561","aff_core",2238095,1119.0475
"W3116573389","aff_core",2238095,1119.0475
"W2091691790","aff_core",2238095,1119.0475
"W2031471396","aff_core",2238095,1119.0475
"W2925252095","aff_core",2238095,1119.0475
"W4405080291","aff_core",2238095,1119.0475
"W4400128044","aff_core",2238095,1119.0475
"W2039624301","aff_core",2238095,1119.0475
"W2085733618","aff_core",2238095,1119.0475
"W1500549593","aff_core",2238095,1119.0475
"W2102282165","aff_core",2238095,1119.0475
"W4399105542","aff_core",2238095,1119.0475
"W2141467625","aff_core",2238095,1119.0475
"W3015487194","aff_core",2238095,1119.0475
"W4250063794","aff_core",2238095,1119.0475
"W49365848","aff_core",2238095,1119.0475
"W4395051391","aff_core",2238095,1119.0475
"W2137366378","aff_core",2238095,1119.0475
"W2051301267","aff_core",2238095,1119.0475
"W3122839058","aff_core",2238095,1119.0475
"W4283383528","aff_core",2238095,1119.0475
"W3017240683","aff_core",2238095,1119.0475
"W2330256417","aff_core",2238095,1119.0475
"W3122170191","aff_core",2238095,1119.0475
"W3124344124","aff_core",2238095,1119.0475
"W2919621391","aff_core",2238095,1119.0475
"W4408278025","aff_core",2238095,1119.0475
"W2158330746","aff_core",2238095,1119.0475
"W4200066256","aff_core",2238095,1119.0475
"W2062914599","aff_core",2238095,1119.0475
"W1963628178","aff_core",2238095,1119.0475
"W2006616701","aff_core",2238095,1119.0475
"W2024630350","aff_core",2238095,1119.0475
"W2093098942","aff_core",2238095,1119.0475
"W4413781122","aff_core",2238095,1119.0475
"W1979419239","aff_core",2238095,1119.0475
"W2130851493","aff_core",2238095,1119.0475
"W2796307888","aff_core",2238095,1119.0475
"W2998995887","aff_core",2238095,1119.0475
"W2624771429","aff_core",2238095,1119.0475
"W1988092555","aff_core",2238095,1119.0475
"W2507120190","aff_core",2238095,1119.0475
"W4394118148","aff_core",2238095,1119.0475
"W4315647668","aff_core",2238095,1119.0475
"W2955865427","aff_core",2238095,1119.0475
"W2185954875","aff_core",2238095,1119.0475
"W2947626567","aff_core",2238095,1119.0475
"W2607282417","aff_core",2238095,1119.0475
"W2040800290","aff_core",2238095,1119.0475
"W2168132477","aff_core",2238095,1119.0475
"W6902473023","aff_core",2238095,1119.0475
"W4313316212","aff_core",2238095,1119.0475
"W2051001825","aff_core",2238095,1119.0475
"W2461623643","aff_core",2238095,1119.0475
"W3140853032","aff_core",2238095,1119.0475
"W2031720269","aff_core",2238095,1119.0475
"W4392132027","aff_core",2238095,1119.0475
"W4417450044","aff_core",2238095,1119.0475
"W2193302029","aff_core",2238095,1119.0475
"W6893594099","aff_core",2238095,1119.0475
"W2087840133","aff_core",2238095,1119.0475
"W2238796846","aff_core",2238095,1119.0475
"W7018671991","aff_core",2238095,1119.0475
"W2936953207","aff_core",2238095,1119.0475
"W2287940117","aff_core",2238095,1119.0475
"W4409356518","aff_core",2238095,1119.0475
"W2971037744","aff_core",2238095,1119.0475
"W1819837947","aff_core",2238095,1119.0475
"W3101997241","aff_core",2238095,1119.0475
"W3169418833","aff_core",2238095,1119.0475
"W2120385790","aff_core",2238095,1119.0475
"W4405112327","aff_core",2238095,1119.0475
"W3120472698","aff_core",2238095,1119.0475
"W2017488061","aff_core",2238095,1119.0475
"W3185733660","aff_core",2238095,1119.0475
"W2955547154","aff_core",2238095,1119.0475
"W4413630535","aff_core",2238095,1119.0475
"W4390199157","aff_core",2238095,1119.0475
"W4389731441","aff_core",2238095,1119.0475
"W1990189085","aff_core",2238095,1119.0475
"W2065573353","aff_core",2238095,1119.0475
"W2613256403","aff_core",2238095,1119.0475
"W1993436422","aff_core",2238095,1119.0475
"W2087455195","aff_core",2238095,1119.0475
"W2160375705","aff_core",2238095,1119.0475
"W4200403347","aff_core",2238095,1119.0475
"W3200700457","aff_core",2238095,1119.0475
"W2154202919","aff_core",2238095,1119.0475
"W2167062933","aff_core",2238095,1119.0475
"W2167691863","aff_core",2238095,1119.0475
"W1531538968","aff_core",2238095,1119.0475
"W2331351975","aff_core",2238095,1119.0475
"W2032072564","aff_core",2238095,1119.0475
"W2766419243","aff_core",2238095,1119.0475
"W3125487332","aff_core",2238095,1119.0475
"W2018743040","aff_core",2238095,1119.0475
"W2070997585","aff_core",2238095,1119.0475
"W2120045671","aff_core",2238095,1119.0475
"W1992213934","aff_core",2238095,1119.0475
"W6910367751","aff_core",2238095,1119.0475
"W4207003672","aff_core",2238095,1119.0475
"W4200161460","aff_core",2238095,1119.0475
"W2768214291","aff_core",2238095,1119.0475
"W2613309781","aff_core",2238095,1119.0475
"W4412989207","aff_core",2238095,1119.0475
"W1593046686","aff_core",2238095,1119.0475
"W3216171996","aff_core",2238095,1119.0475
"W4402630461","aff_core",2238095,1119.0475
"W2114753857","aff_core",2238095,1119.0475
"W2076374704","aff_core",2238095,1119.0475
"W4386774696","aff_core",2238095,1119.0475
"W4411675861","aff_core",2238095,1119.0475
"W2952744832","aff_core",2238095,1119.0475
"W1967446509","aff_core",2238095,1119.0475
"W2026172151","aff_core",2238095,1119.0475
"W2759724522","aff_core",2238095,1119.0475
"W6907772633","aff_core",2238095,1119.0475
"W1990432400","aff_core",2238095,1119.0475
"W951161162","aff_core",2238095,1119.0475
"W2198779068","aff_core",2238095,1119.0475
"W4406864820","aff_core",2238095,1119.0475
"W2073841094","aff_core",2238095,1119.0475
"W4399417661","aff_core",2238095,1119.0475
"W4413029536","aff_core",2238095,1119.0475
"W2895700936","aff_core",2238095,1119.0475
"W2587491923","aff_core",2238095,1119.0475
"W4409502234","aff_core",2238095,1119.0475
"W2893694560","aff_core",2238095,1119.0475
"W3189917904","aff_core",2238095,1119.0475
"W4414107940","aff_core",2238095,1119.0475
"W899286121","aff_core",2238095,1119.0475
"W4401377542","aff_core",2238095,1119.0475
"W2097139577","aff_core",2238095,1119.0475
"W2799755107","aff_core",2238095,1119.0475
"W4405126086","aff_core",2238095,1119.0475
"W6958885860","aff_core",2238095,1119.0475
"W2318483080","aff_core",2238095,1119.0475
"W3084193188","aff_core",2238095,1119.0475
"W2079624525","aff_core",2238095,1119.0475
"W6958322794","aff_core",2238095,1119.0475
"W2772483884","aff_core",2238095,1119.0475
"W2132102506","aff_core",2238095,1119.0475
"W97667711","aff_core",2238095,1119.0475
"W4385582738","aff_core",2238095,1119.0475
"W2196462546","aff_core",2238095,1119.0475
"W2159574133","aff_core",2238095,1119.0475
"W2124996137","aff_core",2238095,1119.0475
"W2409875620","aff_core",2238095,1119.0475
"W2313242405","aff_core",2238095,1119.0475
"W2028206323","aff_core",2238095,1119.0475
"W2491925477","aff_core",2238095,1119.0475
"W2133030833","aff_core",2238095,1119.0475
"W3180039506","aff_core",2238095,1119.0475
"W2133365199","aff_core",2238095,1119.0475
"W1975432039","aff_core",2238095,1119.0475
"W4392004689","aff_core",2238095,1119.0475
"W2804919189","aff_core",2238095,1119.0475
"W4417238122","aff_core",2238095,1119.0475
"W2171637264","aff_core",2238095,1119.0475
"W2886620332","aff_core",2238095,1119.0475
"W1186439040","aff_core",2238095,1119.0475
"W2962967071","aff_core",2238095,1119.0475
"W2618218947","aff_core",2238095,1119.0475
"W2162588551","aff_core",2238095,1119.0475
"W2333026799","aff_core",2238095,1119.0475
"W2625811068","aff_core",2238095,1119.0475
"W4392471198","aff_core",2238095,1119.0475
"W7117370612","aff_core",2238095,1119.0475
"W2066715988","aff_core",2238095,1119.0475
"W7125631433","aff_core",2238095,1119.0475
"W2048216473","aff_core",2238095,1119.0475
"W2145885111","aff_core",2238095,1119.0475
"W6976834020","aff_core",2238095,1119.0475
"W4389332149","aff_core",2238095,1119.0475
"W4367663466","aff_core",2238095,1119.0475
"W2051249386","aff_core",2238095,1119.0475
"W1589570958","aff_core",2238095,1119.0475
"W2139956780","aff_core",2238095,1119.0475
"W982579876","aff_core",2238095,1119.0475
"W1595182914","aff_core",2238095,1119.0475
"W2588065952","aff_core",2238095,1119.0475
"W2790603268","aff_core",2238095,1119.0475
"W4385459827","aff_core",2238095,1119.0475
"W3010804909","aff_core",2238095,1119.0475
"W4296833488","aff_core",2238095,1119.0475
"W1484985634","aff_core",2238095,1119.0475
"W4409891259","aff_core",2238095,1119.0475
"W4254664381","aff_core",2238095,1119.0475
"W2895710521","aff_core",2238095,1119.0475
"W2074353100","aff_core",2238095,1119.0475
"W2072255091","aff_core",2238095,1119.0475
"W4251422122","aff_core",2238095,1119.0475
"W2545325326","aff_core",2238095,1119.0475
"W2071800217","aff_core",2238095,1119.0475
"W4412424152","aff_core",2238095,1119.0475
"W2790270819","aff_core",2238095,1119.0475
"W1485108009","aff_core",2238095,1119.0475
"W3096405519","aff_core",2238095,1119.0475
"W4390100377","aff_core",2238095,1119.0475
"W2016999450","aff_core",2238095,1119.0475
"W2115436577","aff_core",2238095,1119.0475
"W7124471501","aff_core",2238095,1119.0475
"W38642219","aff_core",2238095,1119.0475
"W4320001167","aff_core",2238095,1119.0475
"W2610721803","aff_core",2238095,1119.0475
"W4310917233","aff_core",2238095,1119.0475
"W4224143820","aff_core",2238095,1119.0475
"W2072473350","aff_core",2238095,1119.0475
"W6921006969","aff_core",2238095,1119.0475
"W2784991661","aff_core",2238095,1119.0475
"W2906838055","aff_core",2238095,1119.0475
"W6958951376","aff_core",2238095,1119.0475
"W4246880309","aff_core",2238095,1119.0475
"W7053217706","aff_core",2238095,1119.0475
"W2992482642","aff_core",2238095,1119.0475
"W2001748337","aff_core",2238095,1119.0475
"W4409981237","aff_core",2238095,1119.0475
"W2498570875","aff_core",2238095,1119.0475
"W2788445572","aff_core",2238095,1119.0475
"W4319602691","aff_core",2238095,1119.0475
"W4395096454","aff_core",2238095,1119.0475
"W4406221354","aff_core",2238095,1119.0475
"W1824011531","aff_core",2238095,1119.0475
"W3119630433","aff_core",2238095,1119.0475
"W2999142130","aff_core",2238095,1119.0475
"W3196622216","aff_core",2238095,1119.0475
"W2057133219","aff_core",2238095,1119.0475
"W4206275336","aff_core",2238095,1119.0475
"W1993931357","aff_core",2238095,1119.0475
"W2963191738","aff_core",2238095,1119.0475
"W4321225553","aff_core",2238095,1119.0475
"W2045182024","aff_core",2238095,1119.0475
"W2801261091","aff_core",2238095,1119.0475
"W2619526579","aff_core",2238095,1119.0475
"W4408554990","aff_core",2238095,1119.0475
"W2569640956","aff_core",2238095,1119.0475
"W6901914747","aff_core",2238095,1119.0475
"W2028288124","aff_core",2238095,1119.0475
"W2068958335","aff_core",2238095,1119.0475
"W2082981201","aff_core",2238095,1119.0475
"W4406416160","aff_core",2238095,1119.0475
"W2950140629","aff_core",2238095,1119.0475
"W3037592907","aff_core",2238095,1119.0475
"W4205212784","aff_core",2238095,1119.0475
"W2009284900","aff_core",2238095,1119.0475
"W2334702278","aff_core",2238095,1119.0475
"W3210399041","aff_core",2238095,1119.0475
"W12419775","aff_core",2238095,1119.0475
"W2921371567","aff_core",2238095,1119.0475
"W2152978497","aff_core",2238095,1119.0475
"W2000443461","aff_core",2238095,1119.0475
"W2761165227","aff_core",2238095,1119.0475
"W2539770648","aff_core",2238095,1119.0475
"W2176028763","aff_core",2238095,1119.0475
"W6921278481","aff_core",2238095,1119.0475
"W4320898542","aff_core",2238095,1119.0475
"W2028471477","aff_core",2238095,1119.0475
"W7117318897","aff_core",2238095,1119.0475
"W4388094627","aff_core",2238095,1119.0475
"W2150939064","aff_core",2238095,1119.0475
"W4323669580","aff_core",2238095,1119.0475
"W4251600982","aff_core",2238095,1119.0475
"W3040315773","aff_core",2238095,1119.0475
"W2277994881","aff_core",2238095,1119.0475
"W1973659618","aff_core",2238095,1119.0475
"W2098027096","aff_core",2238095,1119.0475
"W1993866305","aff_core",2238095,1119.0475
"W1992166214","aff_core",2238095,1119.0475
"W2065058459","aff_core",2238095,1119.0475
"W1960620251","aff_core",2238095,1119.0475
"W6939986283","aff_core",2238095,1119.0475
"W3157448507","aff_core",2238095,1119.0475
"W2095450782","aff_core",2238095,1119.0475
"W4321788353","aff_core",2238095,1119.0475
"W2588445179","aff_core",2238095,1119.0475
"W4200243086","aff_core",2238095,1119.0475
"W1988197195","aff_core",2238095,1119.0475
"W7055350028","aff_core",2238095,1119.0475
"W3134832274","aff_core",2238095,1119.0475
"W2008499555","aff_core",2238095,1119.0475
"W2745230818","aff_core",2238095,1119.0475
"W4407115011","aff_core",2238095,1119.0475
"W2028479918","aff_core",2238095,1119.0475
"W2001961563","aff_core",2238095,1119.0475
"W4211102700","aff_core",2238095,1119.0475
"W3160232659","aff_core",2238095,1119.0475
"W3112397639","aff_core",2238095,1119.0475
"W4403202748","aff_core",2238095,1119.0475
"W2156787836","aff_core",2238095,1119.0475
"W2161063277","aff_core",2238095,1119.0475
"W2999108381","aff_core",2238095,1119.0475
"W2070440908","aff_core",2238095,1119.0475
"W1873894485","aff_core",2238095,1119.0475
"W1590588360","aff_core",2238095,1119.0475
"W2041659998","aff_core",2238095,1119.0475
"W7056697327","aff_core",2238095,1119.0475
"W3135361124","aff_core",2238095,1119.0475
"W4230690654","aff_core",2238095,1119.0475
"W4319773038","aff_core",2238095,1119.0475
"W3047584337","aff_core",2238095,1119.0475
"W2939119716","aff_core",2238095,1119.0475
"W4394694885","aff_core",2238095,1119.0475
"W2141444993","aff_core",2238095,1119.0475
"W71803060","aff_core",2238095,1119.0475
"W2963828708","aff_core",2238095,1119.0475
"W2121862563","aff_core",2238095,1119.0475
"W2058184108","aff_core",2238095,1119.0475
"W2504500777","aff_core",2238095,1119.0475
"W1988459998","aff_core",2238095,1119.0475
"W3018724755","aff_core",2238095,1119.0475
"W4224452860","aff_core",2238095,1119.0475
"W3203804374","aff_core",2238095,1119.0475
"W4410270571","aff_core",2238095,1119.0475
"W4253247820","aff_core",2238095,1119.0475
"W2321738165","aff_core",2238095,1119.0475
"W2148587874","aff_core",2238095,1119.0475
"W2157507035","aff_core",2238095,1119.0475
"W4253687454","aff_core",2238095,1119.0475
"W2081107181","aff_core",2238095,1119.0475
"W6921189893","aff_core",2238095,1119.0475
"W2077507420","aff_core",2238095,1119.0475
"W4385223629","aff_core",2238095,1119.0475
"W2621691171","aff_core",2238095,1119.0475
"W3213270338","aff_core",2238095,1119.0475
"W6958184252","aff_core",2238095,1119.0475
"W4282832205","aff_core",2238095,1119.0475
"W3093044008","aff_core",2238095,1119.0475
"W4410582134","aff_core",2238095,1119.0475
"W2118250868","aff_core",2238095,1119.0475
"W2031807158","aff_core",2238095,1119.0475
"W1569296314","aff_core",2238095,1119.0475
"W2737257379","aff_core",2238095,1119.0475
"W2949715874","aff_core",2238095,1119.0475
"W6968682310","aff_core",2238095,1119.0475
"W2471289324","aff_core",2238095,1119.0475
"W2145899853","aff_core",2238095,1119.0475
"W2019161131","aff_core",2238095,1119.0475
"W2029918034","aff_core",2238095,1119.0475
"W1524213711","aff_core",2238095,1119.0475
"W4404524026","aff_core",2238095,1119.0475
"W2011953375","aff_core",2238095,1119.0475
"W2005653733","aff_core",2238095,1119.0475
"W1975330323","aff_core",2238095,1119.0475
"W2760986124","aff_core",2238095,1119.0475
"W1979716552","aff_core",2238095,1119.0475
"W4412088532","aff_core",2238095,1119.0475
"W1953846937","aff_core",2238095,1119.0475
"W1512365876","aff_core",2238095,1119.0475
"W2078791991","aff_core",2238095,1119.0475
"W2978823510","aff_core",2238095,1119.0475
"W4415723818","aff_core",2238095,1119.0475
"W7126079953","aff_core",2238095,1119.0475
"W3168490902","aff_core",2238095,1119.0475
"W2177641318","aff_core",2238095,1119.0475
"W3204432163","aff_core",2238095,1119.0475
"W2886097787","aff_core",2238095,1119.0475
"W2943118427","aff_core",2238095,1119.0475
"W3102082843","aff_core",2238095,1119.0475
"W3016724478","aff_core",2238095,1119.0475
"W2090002637","aff_core",2238095,1119.0475
"W2002220960","aff_core",2238095,1119.0475
"W2036044050","aff_core",2238095,1119.0475
"W3122406319","aff_core",2238095,1119.0475
"W3097019706","aff_core",2238095,1119.0475
"W2973077959","aff_core",2238095,1119.0475
"W4210479211","aff_core",2238095,1119.0475
"W4243737206","aff_core",2238095,1119.0475
"W4405202367","aff_core",2238095,1119.0475
"W3047586714","aff_core",2238095,1119.0475
"W135267827","aff_core",2238095,1119.0475
"W1973496524","aff_core",2238095,1119.0475
"W1468300197","aff_core",2238095,1119.0475
"W2369273074","aff_core",2238095,1119.0475
"W2072969029","aff_core",2238095,1119.0475
"W3015730872","aff_core",2238095,1119.0475
"W4404501647","aff_core",2238095,1119.0475
"W2742074347","aff_core",2238095,1119.0475
"W4394689199","aff_core",2238095,1119.0475
"W2057128308","aff_core",2238095,1119.0475
"W2946857586","aff_core",2238095,1119.0475
"W4212794544","aff_core",2238095,1119.0475
"W6911896886","aff_core",2238095,1119.0475
"W2883864097","aff_core",2238095,1119.0475
"W3022252788","aff_core",2238095,1119.0475
"W4409360441","aff_core",2238095,1119.0475
"W2622584394","aff_core",2238095,1119.0475
"W7164912868","aff_core",2238095,1119.0475
"W4408148745","aff_core",2238095,1119.0475
"W1513053121","aff_core",2238095,1119.0475
"W3038692229","aff_core",2238095,1119.0475
"W4386069001","aff_core",2238095,1119.0475
"W4367189041","aff_core",2238095,1119.0475
"W3187068974","aff_core",2238095,1119.0475
"W2023061705","aff_core",2238095,1119.0475
"W4387168083","aff_core",2238095,1119.0475
"W2039623374","aff_core",2238095,1119.0475
"W2062346776","aff_core",2238095,1119.0475
"W2605593254","aff_core",2238095,1119.0475
"W2166134277","aff_core",2238095,1119.0475
"W2588309790","aff_core",2238095,1119.0475
"W4391814456","aff_core",2238095,1119.0475
"W3194493084","aff_core",2238095,1119.0475
"W4294069110","aff_core",2238095,1119.0475
"W1972772572","aff_core",2238095,1119.0475
"W1974291514","aff_core",2238095,1119.0475
"W2002062638","aff_core",2238095,1119.0475
"W1149501860","aff_core",2238095,1119.0475
"W2313674900","aff_core",2238095,1119.0475
"W2345655325","aff_core",2238095,1119.0475
"W2961073700","aff_core",2238095,1119.0475
"W2156026085","aff_core",2238095,1119.0475
"W4224862663","aff_core",2238095,1119.0475
"W1977615374","aff_core",2238095,1119.0475
"W2160308834","aff_core",2238095,1119.0475
"W4389208989","aff_core",2238095,1119.0475
"W4408094766","aff_core",2238095,1119.0475
"W4410278971","aff_core",2238095,1119.0475
"W6958458100","aff_core",2238095,1119.0475
"W1583755464","aff_core",2238095,1119.0475
"W7134430541","aff_core",2238095,1119.0475
"W4254196324","aff_core",2238095,1119.0475
"W4281898199","aff_core",2238095,1119.0475
"W3044790140","aff_core",2238095,1119.0475
"W1999675783","aff_core",2238095,1119.0475
"W2029894989","aff_core",2238095,1119.0475
"W3122205211","aff_core",2238095,1119.0475
"W1494249245","aff_core",2238095,1119.0475
"W2795530412","aff_core",2238095,1119.0475
"W2030739289","aff_core",2238095,1119.0475
"W2097558483","aff_core",2238095,1119.0475
"W2540182877","aff_core",2238095,1119.0475
"W3108297018","aff_core",2238095,1119.0475
"W4414498756","aff_core",2238095,1119.0475
"W3162665729","aff_core",2238095,1119.0475
"W4386865224","aff_core",2238095,1119.0475
"W2798022091","aff_core",2238095,1119.0475
"W2611693583","aff_core",2238095,1119.0475
"W2923384172","aff_core",2238095,1119.0475
"W4318919636","aff_core",2238095,1119.0475
"W2048375737","aff_core",2238095,1119.0475
"W2094053025","aff_core",2238095,1119.0475
"W1568368558","aff_core",2238095,1119.0475
"W2144285153","aff_core",2238095,1119.0475
"W6921036373","aff_core",2238095,1119.0475
"W2521326839","aff_core",2238095,1119.0475
"W438069738","aff_core",2238095,1119.0475
"W4401256309","aff_core",2238095,1119.0475
"W2791405330","aff_core",2238095,1119.0475
"W4306404439","aff_core",2238095,1119.0475
"W2154825138","aff_core",2238095,1119.0475
"W4319873834","aff_core",2238095,1119.0475
"W2535889197","aff_core",2238095,1119.0475
"W3138261594","aff_core",2238095,1119.0475
"W6958382449","aff_core",2238095,1119.0475
"W2768556563","aff_core",2238095,1119.0475
"W1922556079","aff_core",2238095,1119.0475
"W2105477593","aff_core",2238095,1119.0475
"W4389283192","aff_core",2238095,1119.0475
"W4206030643","aff_core",2238095,1119.0475
"W1964318960","aff_core",2238095,1119.0475
"W2611624270","aff_core",2238095,1119.0475
"W2611108730","aff_core",2238095,1119.0475
"W4303454257","aff_core",2238095,1119.0475
"W4399512870","aff_core",2238095,1119.0475
"W2094922833","aff_core",2238095,1119.0475
"W2059909671","aff_core",2238095,1119.0475
"W2946234641","aff_core",2238095,1119.0475
"W2774003983","aff_core",2238095,1119.0475
"W4415222236","aff_core",2238095,1119.0475
"W2161181571","aff_core",2238095,1119.0475
"W4282976142","aff_core",2238095,1119.0475
"W4387016108","aff_core",2238095,1119.0475
"W2945037904","aff_core",2238095,1119.0475
"W1503014997","aff_core",2238095,1119.0475
"W29727489","aff_core",2238095,1119.0475
"W2130180983","aff_core",2238095,1119.0475
"W2408325049","aff_core",2238095,1119.0475
"W1981053114","aff_core",2238095,1119.0475
"W4321605041","aff_core",2238095,1119.0475
"W2090383515","aff_core",2238095,1119.0475
"W2157716076","aff_core",2238095,1119.0475
"W2050576044","aff_core",2238095,1119.0475
"W2138660517","aff_core",2238095,1119.0475
"W4407874428","aff_core",2238095,1119.0475
"W4406117287","aff_core",2238095,1119.0475
"W4402299977","aff_core",2238095,1119.0475
"W2139861450","aff_core",2238095,1119.0475
"W6966863288","aff_core",2238095,1119.0475
"W2049843251","aff_core",2238095,1119.0475
"W4299581660","aff_core",2238095,1119.0475
"W4411570520","aff_core",2238095,1119.0475
"W2043902585","aff_core",2238095,1119.0475
"W4409160206","aff_core",2238095,1119.0475
"W3133767158","aff_core",2238095,1119.0475
"W1974615982","aff_core",2238095,1119.0475
"W2475274065","aff_core",2238095,1119.0475
"W2141590932","aff_core",2238095,1119.0475
"W2134906701","aff_core",2238095,1119.0475
"W4412725081","aff_core",2238095,1119.0475
"W2125267588","aff_core",2238095,1119.0475
"W2323751668","aff_core",2238095,1119.0475
"W2064211362","aff_core",2238095,1119.0475
"W2091998127","aff_core",2238095,1119.0475
"W2126241630","aff_core",2238095,1119.0475
"W2322452064","aff_core",2238095,1119.0475
"W4290739161","aff_core",2238095,1119.0475
"W4239502952","aff_core",2238095,1119.0475
"W2170154892","aff_core",2238095,1119.0475
"W2547879761","aff_core",2238095,1119.0475
"W4297232891","aff_core",2238095,1119.0475
"W4318929562","aff_core",2238095,1119.0475
"W1967817724","aff_core",2238095,1119.0475
"W2614257424","aff_core",2238095,1119.0475
"W2158335100","aff_core",2238095,1119.0475
"W4214710357","aff_core",2238095,1119.0475
"W4412997002","aff_core",2238095,1119.0475
"W4214826348","aff_core",2238095,1119.0475
"W3157878946","aff_core",2238095,1119.0475
"W2164508363","aff_core",2238095,1119.0475
"W2032172272","aff_core",2238095,1119.0475
"W6926411148","aff_core",2238095,1119.0475
"W4401877412","aff_core",2238095,1119.0475
"W2021083470","aff_core",2238095,1119.0475
"W2130559077","aff_core",2238095,1119.0475
"W3204768651","aff_core",2238095,1119.0475
"W3011317812","aff_core",2238095,1119.0475
"W1986313335","aff_core",2238095,1119.0475
"W2626241032","aff_core",2238095,1119.0475
"W2121042424","aff_core",2238095,1119.0475
"W2071741109","aff_core",2238095,1119.0475
"W2174185509","aff_core",2238095,1119.0475
"W4416748562","aff_core",2238095,1119.0475
"W168056954","aff_core",2238095,1119.0475
"W4406254877","aff_core",2238095,1119.0475
"W4414146931","aff_core",2238095,1119.0475
"W3043674718","aff_core",2238095,1119.0475
"W7024995988","aff_core",2238095,1119.0475
"W2019330996","aff_core",2238095,1119.0475
"W6968593453","aff_core",2238095,1119.0475
"W4400962111","aff_core",2238095,1119.0475
"W2129019315","aff_core",2238095,1119.0475
"W1985908787","aff_core",2238095,1119.0475
"W2971091547","aff_core",2238095,1119.0475
"W4415053651","aff_core",2238095,1119.0475
"W3106433902","aff_core",2238095,1119.0475
"W2086697515","aff_core",2238095,1119.0475
"W3007972273","aff_core",2238095,1119.0475
"W2019716884","aff_core",2238095,1119.0475
"W2104881646","aff_core",2238095,1119.0475
"W2154268795","aff_core",2238095,1119.0475
"W2151493829","aff_core",2238095,1119.0475
"W2122394503","aff_core",2238095,1119.0475
"W2117104107","aff_core",2238095,1119.0475
"W7117143607","aff_core",2238095,1119.0475
"W2020129548","aff_core",2238095,1119.0475
"W4407964077","aff_core",2238095,1119.0475
"W6902527299","aff_core",2238095,1119.0475
"W1927459645","aff_core",2238095,1119.0475
"W2329874989","aff_core",2238095,1119.0475
"W7084115810","aff_core",2238095,1119.0475
"W4413929560","aff_core",2238095,1119.0475
"W1591830752","aff_core",2238095,1119.0475
"W2905149712","aff_core",2238095,1119.0475
"W6939425074","aff_core",2238095,1119.0475
"W2969549385","aff_core",2238095,1119.0475
"W4392056165","aff_core",2238095,1119.0475
"W4362644007","aff_core",2238095,1119.0475
"W3089017776","aff_core",2238095,1119.0475
"W2071865139","aff_core",2238095,1119.0475
"W2803279596","aff_core",2238095,1119.0475
"W3165400847","aff_core",2238095,1119.0475
"W2952825825","aff_core",2238095,1119.0475
"W4251036510","aff_core",2238095,1119.0475
"W4413594360","aff_core",2238095,1119.0475
"W2057924534","aff_core",2238095,1119.0475
"W7139341838","aff_core",2238095,1119.0475
"W2071100568","aff_core",2238095,1119.0475
"W2164909164","aff_core",2238095,1119.0475
"W7071280210","aff_core",2238095,1119.0475
"W3125012447","aff_core",2238095,1119.0475
"W2055664624","aff_core",2238095,1119.0475
"W2063290722","aff_core",2238095,1119.0475
"W2071637499","aff_core",2238095,1119.0475
"W4238345982","aff_core",2238095,1119.0475
"W2593929034","aff_core",2238095,1119.0475
"W4414697608","aff_core",2238095,1119.0475
"W7132384138","aff_core",2238095,1119.0475
"W2169623960","aff_core",2238095,1119.0475
"W2807237239","aff_core",2238095,1119.0475
"W2565735109","aff_core",2238095,1119.0475
"W2006484087","aff_core",2238095,1119.0475
"W4323543208","aff_core",2238095,1119.0475
"W3114346701","aff_core",2238095,1119.0475
"W3208968801","aff_core",2238095,1119.0475
"W7140723305","aff_core",2238095,1119.0475
"W4415704462","aff_core",2238095,1119.0475
"W2266013027","aff_core",2238095,1119.0475
"W4410343424","aff_core",2238095,1119.0475
"W2930317360","aff_core",2238095,1119.0475
"W72514806","aff_core",2238095,1119.0475
"W2108441801","aff_core",2238095,1119.0475
"W2908649330","aff_core",2238095,1119.0475
"W2144598071","aff_core",2238095,1119.0475
"W7114926167","aff_core",2238095,1119.0475
"W7063055376","aff_core",2238095,1119.0475
"W2136235232","aff_core",2238095,1119.0475
"W2011182146","aff_core",2238095,1119.0475
"W2162211279","aff_core",2238095,1119.0475
"W3016986793","aff_core",2238095,1119.0475
"W2889012164","aff_core",2238095,1119.0475
"W2103400671","aff_core",2238095,1119.0475
"W4308671065","aff_core",2238095,1119.0475
"W2056558582","aff_core",2238095,1119.0475
"W2591657903","aff_core",2238095,1119.0475
"W4293216372","aff_core",2238095,1119.0475
"W2029695201","aff_core",2238095,1119.0475
"W3010923412","aff_core",2238095,1119.0475
"W1984116735","aff_core",2238095,1119.0475
"W4395109905","aff_core",2238095,1119.0475
"W2260038680","aff_core",2238095,1119.0475
"W2895908163","aff_core",2238095,1119.0475
"W2753080418","aff_core",2238095,1119.0475
"W2134315188","aff_core",2238095,1119.0475
"W7027119678","aff_core",2238095,1119.0475
"W2032124148","aff_core",2238095,1119.0475
"W2005480617","aff_core",2238095,1119.0475
"W4416950332","aff_core",2238095,1119.0475
"W2012796857","aff_core",2238095,1119.0475
"W2944516963","aff_core",2238095,1119.0475
"W4417435815","aff_core",2238095,1119.0475
"W1958899539","aff_core",2238095,1119.0475
"W4403449571","aff_core",2238095,1119.0475
"W2135794616","aff_core",2238095,1119.0475
"W2013786640","aff_core",2238095,1119.0475
"W3123596654","aff_core",2238095,1119.0475
"W2082934735","aff_core",2238095,1119.0475
"W2319211965","aff_core",2238095,1119.0475
"W2144072179","aff_core",2238095,1119.0475
"W1967411603","aff_core",2238095,1119.0475
"W2116800792","aff_core",2238095,1119.0475
"W4408692661","aff_core",2238095,1119.0475
"W4399603768","aff_core",2238095,1119.0475
"W1914048964","aff_core",2238095,1119.0475
"W2054209498","aff_core",2238095,1119.0475
"W6939735120","aff_core",2238095,1119.0475
"W3009924072","aff_core",2238095,1119.0475
"W2397554324","aff_core",2238095,1119.0475
"W2126486918","aff_core",2238095,1119.0475
"W2343599480","aff_core",2238095,1119.0475
"W3146465799","aff_core",2238095,1119.0475
"W2778361028","aff_core",2238095,1119.0475
"W4417199516","aff_core",2238095,1119.0475
"W2163967261","aff_core",2238095,1119.0475
"W1990938095","aff_core",2238095,1119.0475
"W4390262371","aff_core",2238095,1119.0475
"W2002704692","aff_core",2238095,1119.0475
"W1974308863","aff_core",2238095,1119.0475
"W3109745734","aff_core",2238095,1119.0475
"W2897426052","aff_core",2238095,1119.0475
"W1507202101","aff_core",2238095,1119.0475
"W4383067315","aff_core",2238095,1119.0475
"W3197409673","aff_core",2238095,1119.0475
"W2415491510","aff_core",2238095,1119.0475
"W1992213313","aff_core",2238095,1119.0475
"W2069822733","aff_core",2238095,1119.0475
"W2768026309","aff_core",2238095,1119.0475
"W2413992581","aff_core",2238095,1119.0475
"W2279348442","aff_core",2238095,1119.0475
"W2962935492","aff_core",2238095,1119.0475
"W4248610365","aff_core",2238095,1119.0475
"W2947251283","aff_core",2238095,1119.0475
"W1995462252","aff_core",2238095,1119.0475
"W29507013","aff_core",2238095,1119.0475
"W4393489563","aff_core",2238095,1119.0475
"W3108405318","aff_core",2238095,1119.0475
"W6901956008","aff_core",2238095,1119.0475
"W6912325175","aff_core",2238095,1119.0475
"W2911901311","aff_core",2238095,1119.0475
"W6977365137","aff_core",2238095,1119.0475
"W3158386961","aff_core",2238095,1119.0475
"W2032789411","aff_core",2238095,1119.0475
"W2094936373","aff_core",2238095,1119.0475
"W2504011703","aff_core",2238095,1119.0475
"W2404000990","aff_core",2238095,1119.0475
"W2466255002","aff_core",2238095,1119.0475
"W4387134990","aff_core",2238095,1119.0475
"W6902714784","aff_core",2238095,1119.0475
"W4386776229","aff_core",2238095,1119.0475
"W1969510374","aff_core",2238095,1119.0475
"W2950177304","aff_core",2238095,1119.0475
"W2002569113","aff_core",2238095,1119.0475
"W4361858563","aff_core",2238095,1119.0475
"W2137697100","aff_core",2238095,1119.0475
"W4391836359","aff_core",2238095,1119.0475
"W2215894583","aff_core",2238095,1119.0475
"W2364441054","aff_core",2238095,1119.0475
"W2972128163","aff_core",2238095,1119.0475
"W4401725862","aff_core",2238095,1119.0475
"W4393244874","aff_core",2238095,1119.0475
"W2474934002","aff_core",2238095,1119.0475
"W2003324206","aff_core",2238095,1119.0475
"W4380769083","aff_core",2238095,1119.0475
"W4391958539","aff_core",2238095,1119.0475
"W4360977532","aff_core",2238095,1119.0475
"W4399541650","aff_core",2238095,1119.0475
"W4413512060","aff_core",2238095,1119.0475
"W2771607287","aff_core",2238095,1119.0475
"W1571802358","aff_core",2238095,1119.0475
"W1977643405","aff_core",2238095,1119.0475
"W2168980710","aff_core",2238095,1119.0475
"W2093121833","aff_core",2238095,1119.0475
"W2284372422","aff_core",2238095,1119.0475
"W4242884592","aff_core",2238095,1119.0475
"W2072889366","aff_core",2238095,1119.0475
"W7114932477","aff_core",2238095,1119.0475
"W4401168055","aff_core",2238095,1119.0475
"W2902863152","aff_core",2238095,1119.0475
"W2165037395","aff_core",2238095,1119.0475
"W2098131592","aff_core",2238095,1119.0475
"W1964094882","aff_core",2238095,1119.0475
"W2076449385","aff_core",2238095,1119.0475
"W2000082254","aff_core",2238095,1119.0475
"W4317493039","aff_core",2238095,1119.0475
"W2049270537","aff_core",2238095,1119.0475
"W4413362107","aff_core",2238095,1119.0475
"W2104052951","aff_core",2238095,1119.0475
"W3120854054","aff_core",2238095,1119.0475
"W2074321054","aff_core",2238095,1119.0475
"W3160239680","aff_core",2238095,1119.0475
"W3009675718","aff_core",2238095,1119.0475
"W2090058589","aff_core",2238095,1119.0475
"W2096056224","aff_core",2238095,1119.0475
"W4414430961","aff_core",2238095,1119.0475
"W4234035687","aff_core",2238095,1119.0475
"W2332797322","aff_core",2238095,1119.0475
"W4390154938","aff_core",2238095,1119.0475
"W4382939846","aff_core",2238095,1119.0475
"W2331194004","aff_core",2238095,1119.0475
"W3046392077","aff_core",2238095,1119.0475
"W6949273621","aff_core",2238095,1119.0475
"W2907511104","aff_core",2238095,1119.0475
"W2028523175","aff_core",2238095,1119.0475
"W2982307163","aff_core",2238095,1119.0475
"W2057601272","aff_core",2238095,1119.0475
"W4322621365","aff_core",2238095,1119.0475
"W4388867523","aff_core",2238095,1119.0475
"W2102573339","aff_core",2238095,1119.0475
"W4416673476","aff_core",2238095,1119.0475
"W1988098624","aff_core",2238095,1119.0475
"W3089127686","aff_core",2238095,1119.0475
"W2105997113","aff_core",2238095,1119.0475
"W4398293277","aff_core",2238095,1119.0475
"W4399985802","aff_core",2238095,1119.0475
"W4239103514","aff_core",2238095,1119.0475
"W4322493767","aff_core",2238095,1119.0475
"W2105715196","aff_core",2238095,1119.0475
"W4308545179","aff_core",2238095,1119.0475
"W4404395643","aff_core",2238095,1119.0475
"W565863398","aff_core",2238095,1119.0475
"W4406784319","aff_core",2238095,1119.0475
"W2808950187","aff_core",2238095,1119.0475
"W2105292042","aff_core",2238095,1119.0475
"W2076082959","aff_core",2238095,1119.0475
"W1981242581","aff_core",2238095,1119.0475
"W2085974063","aff_core",2238095,1119.0475
"W4408091719","aff_core",2238095,1119.0475
"W3084554721","aff_core",2238095,1119.0475
"W193143578","aff_core",2238095,1119.0475
"W2059532441","aff_core",2238095,1119.0475
"W2221577349","aff_core",2238095,1119.0475
"W2065065857","aff_core",2238095,1119.0475
"W4413324001","aff_core",2238095,1119.0475
"W2911080709","aff_core",2238095,1119.0475
"W6967033947","aff_core",2238095,1119.0475
"W2042586481","aff_core",2238095,1119.0475
"W4408106210","aff_core",2238095,1119.0475
"W4403936926","aff_core",2238095,1119.0475
"W6976902796","aff_core",2238095,1119.0475
"W4366605627","aff_core",2238095,1119.0475
"W2489898299","aff_core",2238095,1119.0475
"W2046941345","aff_core",2238095,1119.0475
"W3086557627","aff_core",2238095,1119.0475
"W2134165172","aff_core",2238095,1119.0475
"W2022604463","aff_core",2238095,1119.0475
"W4321608625","aff_core",2238095,1119.0475
"W4239316177","aff_core",2238095,1119.0475
"W4393446897","aff_core",2238095,1119.0475
"W4225069485","aff_core",2238095,1119.0475
"W255678140","aff_core",2238095,1119.0475
"W4295592338","aff_core",2238095,1119.0475
"W4313680365","aff_core",2238095,1119.0475
"W3094593944","aff_core",2238095,1119.0475
"W4401386471","aff_core",2238095,1119.0475
"W2001536503","aff_core",2238095,1119.0475
"W4383682228","aff_core",2238095,1119.0475
"W2124969939","aff_core",2238095,1119.0475
"W4405330436","aff_core",2238095,1119.0475
"W2143606571","aff_core",2238095,1119.0475
"W23404762","aff_core",2238095,1119.0475
"W2791840410","aff_core",2238095,1119.0475
"W2995957729","aff_core",2238095,1119.0475
"W3022691137","aff_core",2238095,1119.0475
"W2052088669","aff_core",2238095,1119.0475
"W195370548","aff_core",2238095,1119.0475
"W4389366382","aff_core",2238095,1119.0475
"W4394399723","aff_core",2238095,1119.0475
"W1685527554","aff_core",2238095,1119.0475
"W1585873828","aff_core",2238095,1119.0475
"W1966581828","aff_core",2238095,1119.0475
"W2619124902","aff_core",2238095,1119.0475
"W3188643622","aff_core",2238095,1119.0475
"W1532673817","aff_core",2238095,1119.0475
"W4237690140","aff_core",2238095,1119.0475
"W2047705814","aff_core",2238095,1119.0475
"W4398219177","aff_core",2238095,1119.0475
"W4313593459","aff_core",2238095,1119.0475
"W2045468441","aff_core",2238095,1119.0475
"W2260155201","aff_core",2238095,1119.0475
"W4281981557","aff_core",2238095,1119.0475
"W3149802801","aff_core",2238095,1119.0475
"W2076388498","aff_core",2238095,1119.0475
"W2114908519","aff_core",2238095,1119.0475
"W2001124042","aff_core",2238095,1119.0475
"W4309764906","aff_core",2238095,1119.0475
"W3109871844","aff_core",2238095,1119.0475
"W1489482167","aff_core",2238095,1119.0475
"W1985950461","aff_core",2238095,1119.0475
"W3096486128","aff_core",2238095,1119.0475
"W3203635626","aff_core",2238095,1119.0475
"W4211181123","aff_core",2238095,1119.0475
"W2782802414","aff_core",2238095,1119.0475
"W4387710731","aff_core",2238095,1119.0475
"W2106876320","aff_core",2238095,1119.0475
"W2330432664","aff_core",2238095,1119.0475
"W1919830979","aff_core",2238095,1119.0475
"W1966796850","aff_core",2238095,1119.0475
"W2066787887","aff_core",2238095,1119.0475
"W4407723309","aff_core",2238095,1119.0475
"W6958806362","aff_core",2238095,1119.0475
"W1969699427","aff_core",2238095,1119.0475
"W2504819214","aff_core",2238095,1119.0475
"W2979532583","aff_core",2238095,1119.0475
"W6926460824","aff_core",2238095,1119.0475
"W1983862412","aff_core",2238095,1119.0475
"W4412969280","aff_core",2238095,1119.0475
"W2897824080","aff_core",2238095,1119.0475
"W1516609261","aff_core",2238095,1119.0475
"W4214926960","aff_core",2238095,1119.0475
"W3000763107","aff_core",2238095,1119.0475
"W4361266614","aff_core",2238095,1119.0475
"W2319112722","aff_core",2238095,1119.0475
"W1600955758","aff_core",2238095,1119.0475
"W4318245339","aff_core",2238095,1119.0475
"W2746254655","aff_core",2238095,1119.0475
"W2890184823","aff_core",2238095,1119.0475
"W4414527383","aff_core",2238095,1119.0475
"W1983061810","aff_core",2238095,1119.0475
"W2299066600","aff_core",2238095,1119.0475
"W4200140974","aff_core",2238095,1119.0475
"W2889309161","aff_core",2238095,1119.0475
"W2964756415","aff_core",2238095,1119.0475
"W2789587597","aff_core",2238095,1119.0475
"W3011950387","aff_core",2238095,1119.0475
"W4366235965","aff_core",2238095,1119.0475
"W2050970191","aff_core",2238095,1119.0475
"W2765903777","aff_core",2238095,1119.0475
"W7117313907","aff_core",2238095,1119.0475
"W2916927746","aff_core",2238095,1119.0475
"W4386291585","aff_core",2238095,1119.0475
"W4391921823","aff_core",2238095,1119.0475
"W3161228155","aff_core",2238095,1119.0475
"W4293846191","aff_core",2238095,1119.0475
"W2559249142","aff_core",2238095,1119.0475
"W1980789694","aff_core",2238095,1119.0475
"W3139213184","aff_core",2238095,1119.0475
"W1534498799","aff_core",2238095,1119.0475
"W4387429048","aff_core",2238095,1119.0475
"W2887413122","aff_core",2238095,1119.0475
"W3088617066","aff_core",2238095,1119.0475
"W2048517242","aff_core",2238095,1119.0475
"W2780221336","aff_core",2238095,1119.0475
"W2090028859","aff_core",2238095,1119.0475
"W4408093879","aff_core",2238095,1119.0475
"W4385966014","aff_core",2238095,1119.0475
"W4402230670","aff_core",2238095,1119.0475
"W2376670670","aff_core",2238095,1119.0475
"W3107661163","aff_core",2238095,1119.0475
"W3215613026","aff_core",2238095,1119.0475
"W1570368256","aff_core",2238095,1119.0475
"W4220728075","aff_core",2238095,1119.0475
"W2069501343","aff_core",2238095,1119.0475
"W4405537258","aff_core",2238095,1119.0475
"W1512761216","aff_core",2238095,1119.0475
"W2766267104","aff_core",2238095,1119.0475
"W4399652600","aff_core",2238095,1119.0475
"W2972333204","aff_core",2238095,1119.0475
"W2163985941","aff_core",2238095,1119.0475
"W6939328748","aff_core",2238095,1119.0475
"W2118612286","aff_core",2238095,1119.0475
"W4391109610","aff_core",2238095,1119.0475
"W4398593211","aff_core",2238095,1119.0475
"W2230122581","aff_core",2238095,1119.0475
"W2019401802","aff_core",2238095,1119.0475
"W2076357988","aff_core",2238095,1119.0475
"W2403520411","aff_core",2238095,1119.0475
"W2106208961","aff_core",2238095,1119.0475
"W2154753732","aff_core",2238095,1119.0475
"W2147845453","aff_core",2238095,1119.0475
"W4246481645","aff_core",2238095,1119.0475
"W2616136209","aff_core",2238095,1119.0475
"W2548638197","aff_core",2238095,1119.0475
"W1984901936","aff_core",2238095,1119.0475
"W4408014786","aff_core",2238095,1119.0475
"W4406953300","aff_about",328912,822.28
"W4312980760","aff_about",328912,822.28
"W2885557256","aff_about",328912,822.28
"W4395030770","aff_about",328912,822.28
"W1889025830","aff_about",328912,822.28
"W2599412804","aff_about",328912,822.28
"W2046753404","aff_about",328912,822.28
"W4322720123","aff_about",328912,822.28
"W2043721179","aff_about",328912,822.28
"W4390604351","aff_about",328912,822.28
"W3140568773","aff_about",328912,822.28
"W13047223","aff_about",328912,822.28
"W1629097694","aff_about",328912,822.28
"W4400443655","aff_about",328912,822.28
"W7132981760","aff_about",328912,822.28
"W2560102737","aff_about",328912,822.28
"W214918528","aff_about",328912,822.28
"W1981519336","aff_about",328912,822.28
"W2325408608","aff_about",328912,822.28
"W4396530052","aff_about",328912,822.28
"W3106956683","aff_about",328912,822.28
"W2888912504","aff_about",328912,822.28
"W2160223391","aff_about",328912,822.28
"W4307064223","aff_about",328912,822.28
"W4402653055","aff_about",328912,822.28
"W1998041956","aff_about",328912,822.28
"W2791189464","aff_about",328912,822.28
"W3049764380","aff_about",328912,822.28
"W2783455850","aff_about",328912,822.28
"W4415450330","aff_about",328912,822.28
"W2539244465","aff_about",328912,822.28
"W4415917015","aff_about",328912,822.28
"W2033048717","aff_about",328912,822.28
"W4392820327","aff_about",328912,822.28
"W1484739782","aff_about",328912,822.28
"W6939655476","aff_about",328912,822.28
"W4205709424","aff_about",328912,822.28
"W4387693950","aff_about",328912,822.28
"W2102817032","aff_about",328912,822.28
"W2106091180","aff_about",328912,822.28
"W4400290521","aff_about",328912,822.28
"W4250090802","aff_about",328912,822.28
"W2921142577","aff_about",328912,822.28
"W6977288908","aff_about",328912,822.28
"W4304693883","aff_about",328912,822.28
"W2414476935","aff_about",328912,822.28
"W2111701124","aff_about",328912,822.28
"W3127779781","aff_about",328912,822.28
"W4296077768","aff_about",328912,822.28
"W1977651640","aff_about",328912,822.28
"W985737484","aff_about",328912,822.28
"W2022076623","aff_about",328912,822.28
"W4367146478","aff_about",328912,822.28
"W3152728243","aff_about",328912,822.28
"W2903264552","aff_about",328912,822.28
"W2981588400","aff_about",328912,822.28
"W2994523522","aff_about",328912,822.28
"W1655040711","aff_about",328912,822.28
"W4396714817","aff_about",328912,822.28
"W3027553295","aff_about",328912,822.28
"W4417010242","aff_about",328912,822.28
"W1977546494","aff_about",328912,822.28
"W3049580682","aff_about",328912,822.28
"W4407285913","aff_about",328912,822.28
"W4254723006","aff_about",328912,822.28
"W1596322147","aff_about",328912,822.28
"W2040478829","aff_about",328912,822.28
"W4246832633","aff_about",328912,822.28
"W4214897876","aff_about",328912,822.28
"W2474959271","aff_about",328912,822.28
"W2779829051","aff_about",328912,822.28
"W4280578495","aff_about",328912,822.28
"W4399127382","aff_about",328912,822.28
"W4232841956","aff_about",328912,822.28
"W2050398935","aff_about",328912,822.28
"W2183942852","aff_about",328912,822.28
"W6966862786","aff_about",328912,822.28
"W4389063580","aff_about",328912,822.28
"W2126897079","aff_about",328912,822.28
"W2135499371","aff_about",328912,822.28
"W1994408979","aff_about",328912,822.28
"W6892089035","aff_about",328912,822.28
"W2511896912","aff_about",328912,822.28
"W4402098066","aff_about",328912,822.28
"W2045334890","aff_about",328912,822.28
"W2808308448","aff_about",328912,822.28
"W4293775628","aff_about",328912,822.28
"W2930700235","aff_about",328912,822.28
"W2329591942","aff_about",328912,822.28
"W1509608683","aff_about",328912,822.28
"W2228608271","aff_about",328912,822.28
"W2502729583","aff_about",328912,822.28
"W4393899667","aff_about",328912,822.28
"W3034016271","aff_about",328912,822.28
"W2323655586","aff_about",328912,822.28
"W6983319132","aff_about",328912,822.28
"W4409652608","aff_about",328912,822.28
"W2595323673","aff_about",328912,822.28
"W2000263692","aff_about",328912,822.28
"W3000705214","aff_about",328912,822.28
"W4395033777","aff_about",328912,822.28
"W4377093173","aff_about",328912,822.28
"W4313236322","aff_about",328912,822.28
"W4414200832","aff_about",328912,822.28
"W2969567015","aff_about",328912,822.28
"W4291915093","aff_about",328912,822.28
"W2108250606","aff_about",328912,822.28
"W2287902195","aff_about",328912,822.28
"W3112609006","aff_about",328912,822.28
"W4401271631","aff_about",328912,822.28
"W2008204665","aff_about",328912,822.28
"W3196071376","aff_about",328912,822.28
"W4245633597","aff_about",328912,822.28
"W2727225549","aff_about",328912,822.28
"W4391134648","aff_about",328912,822.28
"W4251631878","aff_about",328912,822.28
"W4230346533","aff_about",328912,822.28
"W2034193381","aff_about",328912,822.28
"W2920917317","aff_about",328912,822.28
"W4285202590","aff_about",328912,822.28
"W2003486748","aff_about",328912,822.28
"W2035142301","aff_about",328912,822.28
"W1905218570","aff_about",328912,822.28
"W4404100073","aff_about",328912,822.28
"W3174911746","aff_about",328912,822.28
"W2337312097","aff_about",328912,822.28
"W4391359941","aff_about",328912,822.28
"W7133031926","aff_about",328912,822.28
"W4412727362","aff_about",328912,822.28
"W2159106358","aff_about",328912,822.28
"W2039857000","aff_about",328912,822.28
"W4378220434","aff_about",328912,822.28
"W4283687672","aff_about",328912,822.28
"W1965788045","aff_about",328912,822.28
"W4410018686","aff_about",328912,822.28
"W2096363894","aff_about",328912,822.28
"W1967348679","aff_about",328912,822.28
"W2077217126","aff_about",328912,822.28
"W2053839796","aff_about",328912,822.28
"W2329838854","aff_about",328912,822.28
"W2323185975","aff_about",328912,822.28
"W1514602299","aff_about",328912,822.28
"W3080142041","aff_about",328912,822.28
"W2278104827","aff_about",328912,822.28
"W1576913813","aff_about",328912,822.28
"W2513345601","aff_about",328912,822.28
"W2250039455","aff_about",328912,822.28
"W7132947126","aff_about",328912,822.28
"W1518852504","aff_about",328912,822.28
"W4414831421","aff_about",328912,822.28
"W4387575159","aff_about",328912,822.28
"W2070510414","aff_about",328912,822.28
"W4367369228","aff_about",328912,822.28
"W2162163191","aff_about",328912,822.28
"W2972314397","aff_about",328912,822.28
"W4416245818","aff_about",328912,822.28
"W2801307989","aff_about",328912,822.28
"W4403764053","aff_about",328912,822.28
"W4398784595","aff_about",328912,822.28
"W2127106934","aff_about",328912,822.28
"W4389207630","aff_about",328912,822.28
"W2399077397","aff_about",328912,822.28
"W2134963062","aff_about",328912,822.28
"W4391162858","aff_about",328912,822.28
"W7118093539","aff_about",328912,822.28
"W2005274028","aff_about",328912,822.28
"W2167630688","aff_about",328912,822.28
"W4414036698","aff_about",328912,822.28
"W6959061989","aff_about",328912,822.28
"W4414379014","aff_about",328912,822.28
"W4307320949","aff_about",328912,822.28
"W4214711826","aff_about",328912,822.28
"W2152456578","aff_about",328912,822.28
"W1997967173","aff_about",328912,822.28
"W1605094539","aff_about",328912,822.28
"W2159996603","aff_about",328912,822.28
"W2140250558","aff_about",328912,822.28
"W2996607321","aff_about",328912,822.28
"W4283032311","aff_about",328912,822.28
"W2088785893","aff_about",328912,822.28
"W4289943689","aff_about",328912,822.28
"W2545640333","aff_about",328912,822.28
"W4281488356","aff_about",328912,822.28
"W4405360726","aff_about",328912,822.28
"W4243715936","aff_about",328912,822.28
"W2885200908","aff_about",328912,822.28
"W4384205901","aff_about",328912,822.28
"W4408433009","aff_about",328912,822.28
"W1997634497","aff_about",328912,822.28
"W4403657817","aff_about",328912,822.28
"W4402237846","aff_about",328912,822.28
"W1584350416","aff_about",328912,822.28
"W4411965949","aff_about",328912,822.28
"W2022149167","aff_about",328912,822.28
"W4242907883","aff_about",328912,822.28
"W2090832666","aff_about",328912,822.28
"W2096816557","aff_about",328912,822.28
"W2124844025","aff_about",328912,822.28
"W3176498924","aff_about",328912,822.28
"W4416447256","aff_about",328912,822.28
"W1484897168","aff_about",328912,822.28
"W1553861155","aff_about",328912,822.28
"W2532943886","aff_about",328912,822.28
"W2137713946","aff_about",328912,822.28
"W4313332154","aff_about",328912,822.28
"W2312199858","aff_about",328912,822.28
"W2413970719","aff_about",328912,822.28
"W2256445397","aff_about",328912,822.28
"W4300772004","aff_about",328912,822.28
"W3187432862","aff_about",328912,822.28
"W2466221976","aff_about",328912,822.28
"W4385512091","aff_about",328912,822.28
"W2214716702","aff_about",328912,822.28
"W2279806364","aff_about",328912,822.28
"W2121664389","aff_about",328912,822.28
"W2163067383","aff_about",328912,822.28
"W2916271169","aff_about",328912,822.28
"W2067689694","aff_about",328912,822.28
"W2167504482","aff_about",328912,822.28
"W2789075823","aff_about",328912,822.28
"W2949064006","aff_about",328912,822.28
"W3171944929","aff_about",328912,822.28
"W2164987490","aff_about",328912,822.28
"W2751359308","aff_about",328912,822.28
"W4296527737","aff_about",328912,822.28
"W4367599339","aff_about",328912,822.28
"W2600400699","aff_about",328912,822.28
"W2125818765","aff_about",328912,822.28
"W2909263492","aff_about",328912,822.28
"W3135001871","aff_about",328912,822.28
"W4390917356","aff_about",328912,822.28
"W4377098686","aff_about",328912,822.28
"W4417188057","aff_about",328912,822.28
"W2030583808","aff_about",328912,822.28
"W4400273995","aff_about",328912,822.28
"W3087518362","aff_about",328912,822.28
"W6889893720","aff_about",328912,822.28
"W4389408736","aff_about",328912,822.28
"W2437425712","aff_about",328912,822.28
"W2136920205","aff_about",328912,822.28
"W2533308569","aff_about",328912,822.28
"W4231465786","aff_about",328912,822.28
"W4408541686","aff_about",328912,822.28
"W2580571664","aff_about",328912,822.28
"W2237974707","aff_about",328912,822.28
"W2000147542","aff_about",328912,822.28
"W6931895307","aff_about",328912,822.28
"W6920870549","aff_about",328912,822.28
"W2927592699","aff_about",328912,822.28
"W2161259460","aff_about",328912,822.28
"W4385278137","aff_about",328912,822.28
"W2758119077","aff_about",328912,822.28
"W4391644278","aff_about",328912,822.28
"W2142813473","aff_about",328912,822.28
"W6958690656","aff_about",328912,822.28
"W2981758189","aff_about",328912,822.28
"W7047006012","aff_about",328912,822.28
"W4306412273","aff_about",328912,822.28
"W6977846229","aff_about",328912,822.28
"W4308501859","aff_about",328912,822.28
"W2949529506","aff_about",328912,822.28
"W1585724880","aff_about",328912,822.28
"W1998280188","aff_about",328912,822.28
"W166195607","aff_about",328912,822.28
"W4389951586","aff_about",328912,822.28
"W3035567626","aff_about",328912,822.28
"W3157650032","aff_about",328912,822.28
"W4362565728","aff_about",328912,822.28
"W2035645071","aff_about",328912,822.28
"W6939788142","aff_about",328912,822.28
"W2313566451","aff_about",328912,822.28
"W3129707826","aff_about",328912,822.28
"W2054089762","aff_about",328912,822.28
"W2398288358","aff_about",328912,822.28
"W2014557777","aff_about",328912,822.28
"W2109328500","aff_about",328912,822.28
"W2130617082","aff_about",328912,822.28
"W2947610743","aff_about",328912,822.28
"W4285982431","aff_about",328912,822.28
"W2072637476","aff_about",328912,822.28
"W2188894307","aff_about",328912,822.28
"W6931625459","aff_about",328912,822.28
"W7083417954","aff_about",328912,822.28
"W2780942349","aff_about",328912,822.28
"W4390911248","aff_about",328912,822.28
"W3207702613","aff_about",328912,822.28
"W2899718081","aff_about",328912,822.28
"W2171505256","aff_about",328912,822.28
"W2137811691","aff_about",328912,822.28
"W1591601971","aff_about",328912,822.28
"W4281561192","aff_about",328912,822.28
"W2028510659","aff_about",328912,822.28
"W1978711333","aff_about",328912,822.28
"W2331572424","aff_about",328912,822.28
"W3080902019","aff_about",328912,822.28
"W4220970115","aff_about",328912,822.28
"W6948704264","aff_about",328912,822.28
"W2971951001","aff_about",328912,822.28
"W4390744437","aff_about",328912,822.28
"W2140633772","aff_about",328912,822.28
"W4416863280","aff_about",328912,822.28
"W2960920258","aff_about",328912,822.28
"W2949534920","aff_about",328912,822.28
"W4389248733","aff_about",328912,822.28
"W4250221790","aff_about",328912,822.28
"W6902266175","aff_about",328912,822.28
"W2612639656","aff_about",328912,822.28
"W4409093328","aff_about",328912,822.28
"W7128793023","aff_about",328912,822.28
"W3205006156","aff_about",328912,822.28
"W3212978063","aff_about",328912,822.28
"W2545944503","aff_about",328912,822.28
"W2339197523","aff_about",328912,822.28
"W7133054542","aff_about",328912,822.28
"W3099316021","aff_about",328912,822.28
"W4380853380","aff_about",328912,822.28
"W4405642332","aff_about",328912,822.28
"W4411778107","aff_about",328912,822.28
"W2147039168","aff_about",328912,822.28
"W3008170492","aff_about",328912,822.28
"W6893991032","aff_about",328912,822.28
"W3044747467","aff_about",328912,822.28
"W4312441148","aff_about",328912,822.28
"W3209171088","aff_about",328912,822.28
"W4402121600","aff_about",328912,822.28
"W4250021425","aff_about",328912,822.28
"W4416646975","aff_about",328912,822.28
"W4394932154","aff_about",328912,822.28
"W2779453172","aff_about",328912,822.28
"W4401340715","aff_about",328912,822.28
"W4389088549","aff_about",328912,822.28
"W3173250629","aff_about",328912,822.28
"W3024197182","aff_about",328912,822.28
"W1978785112","aff_about",328912,822.28
"W2897214127","aff_about",328912,822.28
"W1985147284","aff_about",328912,822.28
"W4389023847","aff_about",328912,822.28
"W3134362504","aff_about",328912,822.28
"W4392166308","aff_about",328912,822.28
"W6939564877","aff_about",328912,822.28
"W4392168747","aff_about",328912,822.28
"W4322500673","aff_about",328912,822.28
"W7114789100","aff_about",328912,822.28
"W4391144322","aff_about",328912,822.28
"W4394983439","aff_about",328912,822.28
"W4240082975","aff_about",328912,822.28
"W1569813478","aff_about",328912,822.28
"W4405747907","aff_about",328912,822.28
"W2770848608","aff_about",328912,822.28
"W2081870257","aff_about",328912,822.28
"W4310566113","aff_about",328912,822.28
"W6939351592","aff_about",328912,822.28
"W2808863897","aff_about",328912,822.28
"W2006571370","aff_about",328912,822.28
"W4383617209","aff_about",328912,822.28
"W7126388335","aff_about",328912,822.28
"W2342848403","aff_about",328912,822.28
"W4401802772","aff_about",328912,822.28
"W2036893690","aff_about",328912,822.28
"W2921641797","aff_about",328912,822.28
"W3032600864","aff_about",328912,822.28
"W2289723150","aff_about",328912,822.28
"W2017651317","aff_about",328912,822.28
"W1554697359","aff_about",328912,822.28
"W2461858128","aff_about",328912,822.28
"W4239543144","aff_about",328912,822.28
"W2063505935","aff_about",328912,822.28
"W2925099070","aff_about",328912,822.28
"W1973467076","aff_about",328912,822.28
"W2145693700","aff_about",328912,822.28
"W4400340032","aff_about",328912,822.28
"W4289544271","aff_about",328912,822.28
"W4391765620","aff_about",328912,822.28
"W2314699245","aff_about",328912,822.28
"W4407285078","aff_about",328912,822.28
"W4324045476","aff_about",328912,822.28
"W4404646944","aff_about",328912,822.28
"W2137072275","aff_about",328912,822.28
"W4235079942","aff_about",328912,822.28
"W7087685522","aff_about",328912,822.28
"W1992179702","aff_about",328912,822.28
"W2084480461","aff_about",328912,822.28
"W4385266529","aff_about",328912,822.28
"W3107042669","aff_about",328912,822.28
"W196035100","aff_about",328912,822.28
"W4240962454","aff_about",328912,822.28
"W4205795841","aff_about",328912,822.28
"W1994319398","aff_about",328912,822.28
"W2169953651","aff_about",328912,822.28
"W2736159227","aff_about",328912,822.28
"W4410075673","aff_about",328912,822.28
"W3095983262","aff_about",328912,822.28
"W4385724552","aff_about",328912,822.28
"W2737381348","aff_about",328912,822.28
"W6981731650","aff_about",328912,822.28
"W2520031226","aff_about",328912,822.28
"W2170336234","aff_about",328912,822.28
"W2170454784","aff_about",328912,822.28
"W2020977238","aff_about",328912,822.28
"W4324029273","aff_about",328912,822.28
"W2600948852","residual",220458,1102.29
"W7095742495","residual",220458,1102.29
"W3082934409","residual",220458,1102.29
"W4246571047","residual",220458,1102.29
"W7034592272","residual",220458,1102.29
"W7098244363","residual",220458,1102.29
"W6979846117","residual",220458,1102.29
"W7103338583","residual",220458,1102.29
"W4308580112","residual",220458,1102.29
"W3106474970","residual",220458,1102.29
"W2090455477","residual",220458,1102.29
"W4400942905","residual",220458,1102.29
"W4253541419","residual",220458,1102.29
"W2182184617","residual",220458,1102.29
"W7027624017","residual",220458,1102.29
"W2948706910","residual",220458,1102.29
"W4229668680","residual",220458,1102.29
"W4406534208","residual",220458,1102.29
"W7098142442","residual",220458,1102.29
"W7017875260","residual",220458,1102.29
"W4390918713","residual",220458,1102.29
"W2489366105","residual",220458,1102.29
"W6996790783","residual",220458,1102.29
"W4238163083","residual",220458,1102.29
"W7126047164","residual",220458,1102.29
"W7043239355","residual",220458,1102.29
"W7097778821","residual",220458,1102.29
"W7132974725","residual",220458,1102.29
"W7111071125","residual",220458,1102.29
"W2783291372","residual",220458,1102.29
"W2909821332","residual",220458,1102.29
"W6991445111","residual",220458,1102.29
"W7019023521","residual",220458,1102.29
"W4413391475","residual",220458,1102.29
"W7084111220","residual",220458,1102.29
"W2498529115","residual",220458,1102.29
"W4416251048","residual",220458,1102.29
"W7128669150","residual",220458,1102.29
"W4200594373","residual",220458,1102.29
"W2888249463","residual",220458,1102.29
"W7097589837","residual",220458,1102.29
"W3185029307","residual",220458,1102.29
"W4416161881","residual",220458,1102.29
"W6989179974","residual",220458,1102.29
"W7097170025","residual",220458,1102.29
"W7045591320","residual",220458,1102.29
"W7039595600","residual",220458,1102.29
"W6999596214","residual",220458,1102.29
"W3017269241","residual",220458,1102.29
"W2106981782","residual",220458,1102.29
"W7005829353","residual",220458,1102.29
"W4411982273","residual",220458,1102.29
"W7064827147","residual",220458,1102.29
"W4417110593","residual",220458,1102.29
"W7155563045","residual",220458,1102.29
"W2793773576","residual",220458,1102.29
"W2555894701","residual",220458,1102.29
"W7099655851","residual",220458,1102.29
"W7096493660","residual",220458,1102.29
"W4233882131","residual",220458,1102.29
"W7139697092","residual",220458,1102.29
"W27240548","residual",220458,1102.29
"W1993245336","residual",220458,1102.29
"W7095855657","residual",220458,1102.29
"W4254935094","residual",220458,1102.29
"W7133110067","residual",220458,1102.29
"W7161778687","residual",220458,1102.29
"W7098032876","residual",220458,1102.29
"W2237082146","residual",220458,1102.29
"W2785165670","residual",220458,1102.29
"W7057165807","residual",220458,1102.29
"W7100299766","residual",220458,1102.29
"W2573058887","residual",220458,1102.29
"W3131886724","residual",220458,1102.29
"W3347319","residual",220458,1102.29
"W7029551073","residual",220458,1102.29
"W3122052574","residual",220458,1102.29
"W7161982174","residual",220458,1102.29
"W2005901007","residual",220458,1102.29
"W7005257168","residual",220458,1102.29
"W2052458855","residual",220458,1102.29
"W7034895769","residual",220458,1102.29
"W7132948888","residual",220458,1102.29
"W2387443583","residual",220458,1102.29
"W6991300557","residual",220458,1102.29
"W7108675082","residual",220458,1102.29
"W7162006816","residual",220458,1102.29
"W4412304112","residual",220458,1102.29
"W2600693057","residual",220458,1102.29
"W7104605707","residual",220458,1102.29
"W7117981168","residual",220458,1102.29
"W7096698274","residual",220458,1102.29
"W7057989089","residual",220458,1102.29
"W4200346363","residual",220458,1102.29
"W4281692619","residual",220458,1102.29
"W7098494026","residual",220458,1102.29
"W4323043566","residual",220458,1102.29
"W1995161211","residual",220458,1102.29
"W2036268226","residual",220458,1102.29
"W7154736533","residual",220458,1102.29
"W4414492037","residual",220458,1102.29
"W3009181968","residual",220458,1102.29
"W3034318223","residual",220458,1102.29
"W4244087032","residual",220458,1102.29
"W2906392593","residual",220458,1102.29
"W6984874760","residual",220458,1102.29
"W7117722753","residual",220458,1102.29
"W7114560993","residual",220458,1102.29
"W7045246787","residual",220458,1102.29
"W2973154996","residual",220458,1102.29
"W7105986577","residual",220458,1102.29
"W7055519161","residual",220458,1102.29
"W7094161853","residual",220458,1102.29
"W4391865105","residual",220458,1102.29
"W4309258628","residual",220458,1102.29
"W4377197843","residual",220458,1102.29
"W7114991129","residual",220458,1102.29
"W7126168812","residual",220458,1102.29
"W2398190709","residual",220458,1102.29
"W7095426125","residual",220458,1102.29
"W7127237659","residual",220458,1102.29
"W7006981473","residual",220458,1102.29
"W7164258779","residual",220458,1102.29
"W7162445270","residual",220458,1102.29
"W7110501723","residual",220458,1102.29
"W2953894287","residual",220458,1102.29
"W4389782671","residual",220458,1102.29
"W4392125316","residual",220458,1102.29
"W4417250773","residual",220458,1102.29
"W7095093311","residual",220458,1102.29
"W7138911994","residual",220458,1102.29
"W4388057202","residual",220458,1102.29
"W4210241580","residual",220458,1102.29
"W4385451701","residual",220458,1102.29
"W7095711401","residual",220458,1102.29
"W7097540706","residual",220458,1102.29
"W7115723598","residual",220458,1102.29
"W7114246280","residual",220458,1102.29
"W7099637875","residual",220458,1102.29
"W2294883126","residual",220458,1102.29
"W580944977","residual",220458,1102.29
"W6990574757","residual",220458,1102.29
"W7132906095","residual",220458,1102.29
"W7099096594","residual",220458,1102.29
"W3031466865","residual",220458,1102.29
"W4416184234","residual",220458,1102.29
"W7127172969","residual",220458,1102.29
"W4293060620","residual",220458,1102.29
"W7133065251","residual",220458,1102.29
"W4412562945","residual",220458,1102.29
"W2885456185","residual",220458,1102.29
"W47057064","residual",220458,1102.29
"W2991130234","residual",220458,1102.29
"W3214289857","residual",220458,1102.29
"W6990822938","residual",220458,1102.29
"W6982049393","residual",220458,1102.29
"W2342209387","residual",220458,1102.29
"W2613182842","residual",220458,1102.29
"W2901598814","residual",220458,1102.29
"W6999026096","residual",220458,1102.29
"W2953499948","residual",220458,1102.29
"W7118092216","residual",220458,1102.29
"W7162018452","residual",220458,1102.29
"W7100559557","residual",220458,1102.29
"W3043454817","residual",220458,1102.29
"W7110911185","residual",220458,1102.29
"W2799361886","residual",220458,1102.29
"W4239054671","residual",220458,1102.29
"W4404660005","residual",220458,1102.29
"W7132935680","residual",220458,1102.29
"W7115736058","residual",220458,1102.29
"W7099064697","residual",220458,1102.29
"W7135451427","residual",220458,1102.29
"W2105928807","residual",220458,1102.29
"W27079753","residual",220458,1102.29
"W4237107135","residual",220458,1102.29
"W4322730339","residual",220458,1102.29
"W4381490105","residual",220458,1102.29
"W4391705947","residual",220458,1102.29
"W7095287775","residual",220458,1102.29
"W7162115541","residual",220458,1102.29
"W7098597039","residual",220458,1102.29
"W7100467789","residual",220458,1102.29
"W1910777594","residual",220458,1102.29
"W7148869710","residual",220458,1102.29
"W3115066637","residual",220458,1102.29
"W7161645436","residual",220458,1102.29
"W7125515560","residual",220458,1102.29
"W7099415260","residual",220458,1102.29
"W7084067251","residual",220458,1102.29
"W7025514743","residual",220458,1102.29
"W4319836398","residual",220458,1102.29
"W7097570476","residual",220458,1102.29
"W2037754303","residual",220458,1102.29
"W7096346612","residual",220458,1102.29
"W2910572816","residual",220458,1102.29
"W7095188880","residual",220458,1102.29
"W7100628150","residual",220458,1102.29
"W7097959372","residual",220458,1102.29
"W7100992539","residual",220458,1102.29
